Datetime,PM2.5,PM10,NO2,O3,CO,SO2,pm25_si,pm10_si,AQI,AQI_category,is_safe_hour,hour,weekday
2020-06-01 01:00:00,6.84,43.93,5.32,21.11,0.28,7.11,11.4,43.93,43.93,Good,True,1,0
2020-06-01 02:00:00,8.71,54.27,6.19,17.52,0.19,6.92,14.51666666666667,54.27,54.27,Satisfactory,True,2,0
2020-06-01 03:00:00,7.91,53.97,6.32,19.01,0.16,7.77,13.183333333333334,53.97,53.97,Satisfactory,True,3,0
2020-06-01 04:00:00,7.38,49.5,6.07,15.94,0.2,7.88,12.3,49.5,49.5,Good,True,4,0
2020-06-01 05:00:00,6.93,31.9,7.39,15.89,0.18,7.75,11.55,31.9,31.9,Good,True,5,0
2020-06-01 06:00:00,9.16,38.78,7.44,15.85,0.22,8.15,15.266666666666667,38.78,38.78,Good,True,6,0
2020-06-01 07:00:00,8.14,23.61,8.41,21.36,0.24,7.24,13.566666666666668,23.61,23.61,Good,True,7,0
2020-06-01 08:00:00,6.62,21.61,11.23,14.36,0.3,7.15,11.033333333333333,21.61,21.61,Good,True,8,0
2020-06-01 09:00:00,11.82,31.94,10.66,15.99,0.27,7.79,19.700000000000003,31.94,31.94,Good,True,9,0
2020-06-01 10:00:00,14.39,29.21,9.62,15.03,0.27,7.86,23.983333333333334,29.21,29.21,Good,True,10,0
2020-06-01 11:00:00,15.33,20.15,9.59,16.58,0.31,7.47,25.55,20.15,25.55,Good,True,11,0
2020-06-01 12:00:00,13.97,35.01,13.54,20.12,0.43,7.69,23.283333333333335,35.01,35.01,Good,True,12,0
2020-06-01 13:00:00,29.06,58.93,18.62,30.57,0.45,8.06,48.43333333333333,58.93,58.93,Satisfactory,True,13,0
2020-06-01 14:00:00,32.11,70.43,22.42,33.19,0.39,8.82,52.875517241379306,70.43,70.43,Satisfactory,True,14,0
2020-06-01 15:00:00,28.49,64.2,28.6,33.93,0.45,6.65,47.483333333333334,64.2,64.2,Satisfactory,True,15,0
2020-06-01 16:00:00,24.59,56.43,24.59,35.07,0.46,6.63,40.983333333333334,56.43,56.43,Satisfactory,True,16,0
2020-06-01 17:00:00,22.96,46.48,21.03,49.82,0.46,6.69,38.26666666666667,46.48,46.48,Good,True,17,0
2020-06-01 18:00:00,22.86,37.99,18.68,49.14,0.4,6.74,38.1,37.99,38.1,Good,True,18,0
2020-06-01 19:00:00,23.66,42.52,17.67,32.15,0.41,8.44,39.43333333333334,42.52,42.52,Good,True,19,0
2020-06-01 20:00:00,31.11,67.24,16.61,33.13,0.47,9.51,51.18586206896552,67.24,67.24,Satisfactory,True,20,0
2020-06-01 21:00:00,33.05,70.89,15.01,32.16,0.42,9.88,54.46379310344827,70.89,70.89,Satisfactory,True,21,0
2020-06-01 22:00:00,20.45,42.24,14.58,25.19,0.42,7.55,34.083333333333336,42.24,42.24,Good,True,22,0
2020-06-01 23:00:00,21.8,40.32,12.39,28.98,0.29,8.09,36.333333333333336,40.32,40.32,Good,True,23,0
2020-06-02 00:00:00,17.91,40.85,10.62,26.46,0.29,7.44,29.85,40.85,40.85,Good,True,0,1
2020-06-02 01:00:00,14.16,36.52,11.78,22.62,0.37,6.32,23.6,36.52,36.52,Good,True,1,1
2020-06-02 02:00:00,14.38,27.19,9.67,20.41,0.38,6.28,23.96666666666667,27.19,27.19,Good,True,2,1
2020-06-02 03:00:00,11.63,23.55,9.56,22.14,0.35,8.26,19.383333333333336,23.55,23.55,Good,True,3,1
2020-06-02 04:00:00,11.3,23.42,8.67,22.85,0.25,8.2,18.833333333333336,23.42,23.42,Good,True,4,1
2020-06-02 05:00:00,12.14,24.48,8.37,22.03,0.3,6.32,20.233333333333334,24.48,24.48,Good,True,5,1
2020-06-02 06:00:00,19.91,24.73,10.21,16.23,0.35,10.38,33.18333333333334,24.73,33.18333333333334,Good,True,6,1
2020-06-02 07:00:00,18.64,31.92,11.66,20.91,0.4,10.26,31.06666666666667,31.92,31.92,Good,True,7,1
2020-06-02 08:00:00,21.9,45.81,11.76,20.08,0.48,7.6,36.5,45.81,45.81,Good,True,8,1
2020-06-02 09:00:00,22.83,41.67,14.34,19.24,0.45,9.88,38.05,41.67,41.67,Good,True,9,1
2020-06-02 10:00:00,21.64,60.14,15.28,18.85,0.46,7.1,36.06666666666667,60.14,60.14,Satisfactory,True,10,1
2020-06-02 11:00:00,31.59,69.24,15.2,25.31,0.49,7.93,51.996896551724134,69.24,69.24,Satisfactory,True,11,1
2020-06-02 12:00:00,33.83,83.64,16.42,29.27,0.46,8.71,55.78172413793103,83.64,83.64,Satisfactory,True,12,1
2020-06-02 13:00:00,27.67,60.75,22.8,34.62,0.46,7.61,46.116666666666674,60.75,60.75,Satisfactory,True,13,1
2020-06-02 14:00:00,21.8,56.2,22.28,34.42,0.47,6.84,36.333333333333336,56.2,56.2,Satisfactory,True,14,1
2020-06-02 15:00:00,23.05,58.31,21.75,35.17,0.47,7.02,38.41666666666667,58.31,58.31,Satisfactory,True,15,1
2020-06-02 16:00:00,22.4,51.09,21.25,34.86,0.43,6.38,37.333333333333336,51.09,51.09,Satisfactory,True,16,1
2020-06-02 17:00:00,21.34,53.68,20.42,31.17,0.39,6.83,35.56666666666667,53.68,53.68,Satisfactory,True,17,1
2020-06-02 18:00:00,16.65,48.14,23.47,23.26,0.42,7.19,27.75,48.14,48.14,Good,True,18,1
2020-06-02 19:00:00,22.58,53.85,24.11,17.42,0.48,7.24,37.63333333333333,53.85,53.85,Satisfactory,True,19,1
2020-06-02 20:00:00,27.0,54.49,22.35,17.7,0.51,7.55,45.0,54.49,54.49,Satisfactory,True,20,1
2020-06-02 21:00:00,30.66,47.73,24.01,15.03,0.59,7.69,,47.73,47.73,Good,True,21,1
2020-06-02 22:00:00,32.61,55.81,21.07,17.53,0.54,7.47,53.7203448275862,55.81,55.81,Satisfactory,True,22,1
2020-06-02 23:00:00,29.0,45.0,21.52,14.9,0.57,8.54,48.333333333333336,45.0,48.333333333333336,Good,True,23,1
2020-06-03 00:00:00,28.62,48.29,18.36,15.1,0.52,8.54,47.7,48.29,48.29,Good,True,0,2
2020-06-03 01:00:00,25.41,36.93,13.07,20.55,0.42,6.18,42.35,36.93,42.35,Good,True,1,2
2020-06-03 02:00:00,12.56,33.13,12.56,26.81,0.36,6.9,20.933333333333334,33.13,33.13,Good,True,2,2
2020-06-03 03:00:00,12.64,28.78,12.81,25.52,0.38,4.85,21.06666666666667,28.78,28.78,Good,True,3,2
2020-06-03 04:00:00,15.21,24.91,12.74,27.82,0.37,7.27,25.35,24.91,25.35,Good,True,4,2
2020-06-03 05:00:00,12.68,24.67,13.84,27.82,0.3,7.28,21.133333333333333,24.67,24.67,Good,True,5,2
2020-06-03 06:00:00,10.32,20.83,12.61,26.78,0.27,6.66,17.200000000000003,20.83,20.83,Good,True,6,2
2020-06-03 07:00:00,8.44,20.41,13.84,23.19,0.3,8.13,14.066666666666666,20.41,20.41,Good,True,7,2
2020-06-03 08:00:00,7.56,17.36,14.95,20.64,0.32,6.56,12.6,17.36,17.36,Good,True,8,2
2020-06-03 09:00:00,6.32,14.04,13.07,20.86,0.3,6.42,10.533333333333335,14.04,14.04,Good,True,9,2
2020-06-03 10:00:00,5.46,12.53,13.18,20.75,0.3,6.95,9.1,12.53,12.53,Good,True,10,2
2020-06-03 11:00:00,3.36,13.42,11.52,17.27,0.26,7.62,5.6,13.42,13.42,Good,True,11,2
2020-06-03 12:00:00,4.7,12.54,14.3,18.14,0.27,8.38,7.833333333333334,12.54,12.54,Good,True,12,2
2020-06-03 13:00:00,4.99,13.16,13.25,18.85,0.26,8.56,8.316666666666668,13.16,13.16,Good,True,13,2
2020-06-03 14:00:00,4.26,11.08,12.07,20.25,0.22,8.0,7.1,11.08,11.08,Good,True,14,2
2020-06-03 15:00:00,2.95,10.82,11.78,21.83,0.19,8.48,4.916666666666667,10.82,10.82,Good,True,15,2
2020-06-03 16:00:00,3.4,12.81,11.56,23.95,0.18,9.07,5.666666666666667,12.81,12.81,Good,True,16,2
2020-06-03 17:00:00,3.73,12.71,9.37,26.69,0.2,8.27,6.216666666666667,12.71,12.71,Good,True,17,2
2020-06-03 18:00:00,4.78,14.27,9.68,25.27,0.2,8.23,7.966666666666668,14.27,14.27,Good,True,18,2
2020-06-03 19:00:00,5.18,10.24,10.15,24.53,0.21,7.89,8.633333333333333,10.24,10.24,Good,True,19,2
2020-06-03 20:00:00,2.99,9.84,10.76,23.72,0.22,8.03,4.983333333333334,9.84,9.84,Good,True,20,2
2020-06-03 21:00:00,3.71,11.6,12.21,21.64,0.25,8.29,6.183333333333334,11.6,11.6,Good,True,21,2
2020-06-03 22:00:00,5.25,19.79,10.21,23.54,0.23,9.08,8.75,19.79,19.79,Good,True,22,2
2020-06-03 23:00:00,6.65,23.01,9.27,27.82,0.2,9.28,11.083333333333334,23.01,23.01,Good,True,23,2
2020-06-04 00:00:00,5.48,15.24,10.28,30.34,0.2,10.01,9.133333333333335,15.24,15.24,Good,True,0,3
2020-06-04 01:00:00,6.6,18.2,11.26,31.0,0.21,10.08,11.0,18.2,18.2,Good,True,1,3
2020-06-04 02:00:00,7.91,17.97,10.96,30.2,0.2,8.57,13.183333333333334,17.97,17.97,Good,True,2,3
2020-06-04 03:00:00,6.51,21.94,11.93,23.16,0.2,8.43,10.85,21.94,21.94,Good,True,3,3
2020-06-04 04:00:00,6.47,21.61,10.04,15.67,0.26,9.01,10.783333333333333,21.61,21.61,Good,True,4,3
2020-06-04 05:00:00,10.94,26.94,10.55,12.62,0.3,9.54,18.233333333333334,26.94,26.94,Good,True,5,3
2020-06-04 06:00:00,12.96,30.7,9.78,10.71,0.29,10.03,21.6,30.7,30.7,Good,True,6,3
2020-06-04 07:00:00,13.38,37.31,8.29,10.22,0.29,10.87,22.3,37.31,37.31,Good,True,7,3
2020-06-04 08:00:00,9.91,46.12,7.29,11.16,0.28,13.26,16.51666666666667,46.12,46.12,Good,True,8,3
2020-06-04 09:00:00,101.76,238.92,7.3,11.02,0.25,11.59,237.73241379310346,192.6381208053691,237.73241379310346,Poor,False,9,3
2020-06-04 10:00:00,71.14,162.48,11.16,19.88,0.25,10.43,135.61586206896553,141.8491275167785,141.8491275167785,Moderate,False,10,3
2020-06-04 11:00:00,40.66,98.86,17.66,22.9,0.28,9.41,67.32206896551723,98.86,98.86,Satisfactory,True,11,3
2020-06-04 12:00:00,14.52,25.98,25.53,19.85,0.33,9.45,24.2,25.98,25.98,Good,True,12,3
2020-06-04 13:00:00,16.67,34.66,22.7,18.83,0.42,9.7,27.78333333333334,34.66,34.66,Good,True,13,3
2020-06-04 14:00:00,12.55,28.07,19.9,19.71,0.38,9.97,20.916666666666668,28.07,28.07,Good,True,14,3
2020-06-04 15:00:00,12.79,22.7,23.25,19.55,0.3,10.73,21.316666666666666,22.7,22.7,Good,True,15,3
2020-06-04 16:00:00,12.86,25.42,16.13,20.89,0.32,9.73,21.433333333333334,25.42,25.42,Good,True,16,3
2020-06-04 17:00:00,11.6,22.09,18.71,20.72,0.3,9.56,19.333333333333332,22.09,22.09,Good,True,17,3
2020-06-04 18:00:00,11.57,26.46,19.2,18.45,0.29,10.05,19.283333333333335,26.46,26.46,Good,True,18,3
2020-06-04 19:00:00,10.26,22.59,21.91,16.54,0.34,9.75,17.1,22.59,22.59,Good,True,19,3
2020-06-04 20:00:00,14.69,33.91,22.0,11.21,0.52,10.08,24.483333333333334,33.91,33.91,Good,True,20,3
2020-06-04 21:00:00,26.34,48.05,22.25,9.69,0.63,10.27,43.9,48.05,48.05,Good,True,21,3
2020-06-04 22:00:00,27.61,63.56,20.97,10.11,0.62,10.21,46.016666666666666,63.56,63.56,Satisfactory,True,22,3
2020-06-04 23:00:00,27.44,50.6,18.35,9.43,0.64,10.03,45.733333333333334,,45.733333333333334,Good,True,23,3
2020-06-05 00:00:00,22.53,49.21,19.84,9.32,0.6,10.08,37.550000000000004,49.21,49.21,Good,True,0,4
2020-06-05 01:00:00,24.69,54.23,20.7,9.77,0.6,10.61,41.150000000000006,54.23,54.23,Satisfactory,True,1,4
2020-06-05 02:00:00,24.45,54.48,12.69,26.25,0.35,10.77,40.75,54.48,54.48,Satisfactory,True,2,4
2020-06-05 03:00:00,11.13,22.72,8.39,30.54,0.28,10.8,18.55,22.72,22.72,Good,True,3,4
2020-06-05 04:00:00,7.37,14.66,11.08,28.69,0.27,10.88,12.283333333333333,14.66,14.66,Good,True,4,4
2020-06-05 05:00:00,7.03,19.1,16.81,21.73,0.29,11.02,11.716666666666667,19.1,19.1,Good,True,5,4
2020-06-05 06:00:00,8.85,22.3,16.58,16.04,0.31,10.96,14.75,22.3,22.3,Good,True,6,4
2020-06-05 07:00:00,10.22,22.8,19.21,20.26,0.31,11.24,17.033333333333335,22.8,22.8,Good,True,7,4
2020-06-05 08:00:00,10.48,27.35,18.92,18.91,0.4,11.36,17.46666666666667,27.35,27.35,Good,True,8,4
2020-06-05 09:00:00,11.03,31.22,19.05,17.74,0.39,12.06,18.383333333333333,31.22,31.22,Good,True,9,4
2020-06-05 10:00:00,10.09,40.36,21.15,24.06,0.37,10.67,16.816666666666666,40.36,40.36,Good,True,10,4
2020-06-05 11:00:00,10.3,29.39,23.35,31.66,0.33,10.48,17.166666666666668,29.39,29.39,Good,True,11,4
2020-06-05 12:00:00,7.64,25.33,23.06,37.41,0.3,10.3,12.733333333333333,25.33,25.33,Good,True,12,4
2020-06-05 13:00:00,11.93,33.69,22.39,38.96,0.28,10.64,19.883333333333333,33.69,33.69,Good,True,13,4
2020-06-05 14:00:00,10.6,33.78,18.07,35.36,0.25,10.67,17.666666666666668,33.78,33.78,Good,True,14,4
2020-06-05 15:00:00,8.68,27.8,17.32,32.16,0.22,10.3,14.466666666666667,27.8,27.8,Good,True,15,4
2020-06-05 16:00:00,5.91,33.93,15.55,31.81,0.22,10.47,9.850000000000001,33.93,33.93,Good,True,16,4
2020-06-05 17:00:00,7.63,38.4,12.22,21.69,0.19,17.95,12.716666666666667,38.4,38.4,Good,True,17,4
2020-06-05 18:00:00,9.88,32.71,12.58,15.84,0.19,18.25,16.46666666666667,32.71,32.71,Good,True,18,4
2020-06-05 19:00:00,10.8,36.71,14.48,21.87,0.23,11.26,18.000000000000004,36.71,36.71,Good,True,19,4
2020-06-05 20:00:00,9.27,36.1,13.1,18.38,0.26,11.28,15.45,36.1,36.1,Good,True,20,4
2020-06-05 21:00:00,12.11,35.72,12.74,16.58,0.26,13.05,20.183333333333334,35.72,35.72,Good,True,21,4
2020-06-05 22:00:00,9.83,36.97,11.48,15.57,0.26,12.15,16.383333333333333,36.97,36.97,Good,True,22,4
2020-06-05 23:00:00,7.88,33.36,11.56,18.34,0.23,11.99,13.133333333333333,33.36,33.36,Good,True,23,4
2020-06-06 00:00:00,8.75,27.45,14.19,17.36,0.22,12.16,14.583333333333334,27.45,27.45,Good,True,0,5
2020-06-06 01:00:00,9.26,34.53,12.61,14.45,0.21,12.19,15.433333333333334,34.53,34.53,Good,True,1,5
2020-06-06 02:00:00,7.92,30.09,11.51,13.18,0.2,11.86,13.200000000000001,30.09,30.09,Good,True,2,5
2020-06-06 03:00:00,8.85,23.67,9.91,14.53,0.2,11.93,14.75,23.67,23.67,Good,True,3,5
2020-06-06 04:00:00,7.41,26.93,9.65,11.9,0.19,11.6,12.350000000000001,26.93,26.93,Good,True,4,5
2020-06-06 05:00:00,6.26,26.27,9.64,12.33,0.21,12.03,10.433333333333334,26.27,26.27,Good,True,5,5
2020-06-06 06:00:00,8.75,30.79,11.21,9.91,0.24,12.65,14.583333333333334,30.79,30.79,Good,True,6,5
2020-06-06 07:00:00,9.72,39.22,9.57,14.98,0.22,12.86,16.200000000000003,39.22,39.22,Good,True,7,5
2020-06-06 08:00:00,8.98,27.12,10.32,17.44,0.22,12.21,14.966666666666669,27.12,27.12,Good,True,8,5
2020-06-06 09:00:00,7.6,14.86,12.12,14.87,0.27,14.36,12.666666666666666,14.86,14.86,Good,True,9,5
2020-06-06 10:00:00,8.14,12.27,13.58,14.79,0.36,14.4,13.566666666666668,12.27,13.566666666666668,Good,True,10,5
2020-06-06 11:00:00,5.36,19.13,12.71,15.97,0.34,15.42,8.933333333333334,19.13,19.13,Good,True,11,5
2020-06-06 12:00:00,5.98,22.32,12.96,19.77,0.35,10.18,9.966666666666669,22.32,22.32,Good,True,12,5
2020-06-06 13:00:00,8.96,25.52,12.08,20.44,0.33,11.69,14.933333333333335,25.52,25.52,Good,True,13,5
2020-06-06 14:00:00,12.82,31.71,10.43,17.52,0.3,10.06,21.366666666666667,31.71,31.71,Good,True,14,5
2020-06-06 15:00:00,10.74,27.55,10.65,17.07,0.29,9.92,17.900000000000002,27.55,27.55,Good,True,15,5
2020-06-06 16:00:00,9.99,36.58,9.92,15.36,0.28,12.79,16.650000000000002,36.58,36.58,Good,True,16,5
2020-06-06 17:00:00,11.99,44.56,9.47,16.0,0.31,10.92,19.983333333333334,44.56,44.56,Good,True,17,5
2020-06-06 18:00:00,11.18,46.05,9.17,13.87,0.32,11.18,18.633333333333333,46.05,46.05,Good,True,18,5
2020-06-06 19:00:00,10.36,40.2,8.96,12.47,0.33,9.94,17.266666666666666,40.2,40.2,Good,True,19,5
2020-06-06 20:00:00,11.07,36.41,9.19,12.48,0.34,10.26,18.450000000000003,36.41,36.41,Good,True,20,5
2020-06-06 21:00:00,11.48,33.98,9.66,13.26,0.34,10.33,19.133333333333336,33.98,33.98,Good,True,21,5
2020-06-06 22:00:00,12.25,34.79,9.75,14.21,0.33,10.58,20.416666666666668,34.79,34.79,Good,True,22,5
2020-06-06 23:00:00,11.27,34.55,10.29,15.35,0.31,10.71,18.783333333333335,34.55,34.55,Good,True,23,5
2020-06-07 00:00:00,11.06,31.71,10.33,12.62,0.32,12.21,18.433333333333334,31.71,31.71,Good,True,0,6
2020-06-07 01:00:00,11.57,27.5,10.44,12.77,0.33,10.87,19.283333333333335,27.5,27.5,Good,True,1,6
2020-06-07 02:00:00,10.57,28.43,11.88,12.11,0.32,10.39,17.616666666666667,28.43,28.43,Good,True,2,6
2020-06-07 03:00:00,10.87,31.17,10.48,11.86,0.34,10.43,18.116666666666667,31.17,31.17,Good,True,3,6
2020-06-07 04:00:00,13.01,35.95,11.69,10.46,0.32,10.55,21.683333333333334,35.95,35.95,Good,True,4,6
2020-06-07 05:00:00,12.64,35.0,10.55,10.62,0.34,10.29,21.06666666666667,35.0,35.0,Good,True,5,6
2020-06-07 06:00:00,16.2,42.63,11.04,9.51,0.35,10.41,27.0,42.63,42.63,Good,True,6,6
2020-06-07 07:00:00,15.87,45.82,12.41,10.11,0.35,11.43,26.45,45.82,45.82,Good,True,7,6
2020-06-07 08:00:00,17.08,53.47,10.8,9.61,0.41,11.84,28.466666666666665,53.47,53.47,Satisfactory,True,8,6
2020-06-07 09:00:00,16.78,48.66,9.07,11.71,0.38,11.14,27.96666666666667,48.66,48.66,Good,True,9,6
2020-06-07 10:00:00,14.94,46.65,6.68,14.38,0.34,13.01,24.9,46.65,46.65,Good,True,10,6
2020-06-07 11:00:00,10.73,33.06,6.7,14.35,0.31,12.08,17.883333333333336,33.06,33.06,Good,True,11,6
2020-06-07 12:00:00,9.2,34.35,7.42,16.55,0.3,11.36,15.333333333333332,34.35,34.35,Good,True,12,6
2020-06-07 13:00:00,7.36,38.3,8.21,16.77,0.28,10.21,12.266666666666667,38.3,38.3,Good,True,13,6
2020-06-07 14:00:00,8.2,41.44,8.05,16.83,0.26,10.07,13.666666666666666,41.44,41.44,Good,True,14,6
2020-06-07 15:00:00,6.77,31.97,8.1,14.75,0.26,10.31,11.283333333333333,31.97,31.97,Good,True,15,6
2020-06-07 16:00:00,7.23,35.88,7.89,15.82,0.25,10.38,12.05,35.88,35.88,Good,True,16,6
2020-06-07 17:00:00,7.92,41.17,8.15,18.06,0.26,11.62,13.200000000000001,41.17,41.17,Good,True,17,6
2020-06-07 18:00:00,8.17,34.24,10.38,20.87,0.28,9.98,13.616666666666667,34.24,34.24,Good,True,18,6
2020-06-07 19:00:00,7.02,27.55,11.94,20.21,0.29,10.8,11.7,27.55,27.55,Good,True,19,6
2020-06-07 20:00:00,8.72,32.6,12.27,18.29,0.3,9.83,14.533333333333335,32.6,32.6,Good,True,20,6
2020-06-07 21:00:00,9.53,26.64,13.02,19.11,0.3,9.96,15.883333333333333,26.64,26.64,Good,True,21,6
2020-06-07 22:00:00,8.99,27.88,20.61,16.87,0.34,10.09,14.983333333333334,27.88,27.88,Good,True,22,6
2020-06-07 23:00:00,9.92,28.53,20.73,18.02,0.31,10.04,16.533333333333335,28.53,28.53,Good,True,23,6
2020-06-08 00:00:00,9.69,29.02,19.82,19.28,0.3,10.06,16.15,29.02,29.02,Good,True,0,0
2020-06-08 01:00:00,8.76,28.84,11.77,13.61,0.32,12.42,14.6,28.84,28.84,Good,True,1,0
2020-06-08 02:00:00,8.51,20.68,10.17,19.02,0.27,11.22,14.183333333333334,20.68,20.68,Good,True,2,0
2020-06-08 03:00:00,8.21,21.88,7.37,17.26,0.27,9.96,13.683333333333335,21.88,21.88,Good,True,3,0
2020-06-08 04:00:00,5.8,17.83,7.06,20.43,0.27,11.46,9.666666666666666,17.83,17.83,Good,True,4,0
2020-06-08 05:00:00,4.53,16.39,7.58,25.42,0.25,9.41,7.550000000000001,16.39,16.39,Good,True,5,0
2020-06-08 06:00:00,6.2,15.99,7.08,28.4,0.26,9.73,10.333333333333334,15.99,15.99,Good,True,6,0
2020-06-08 07:00:00,7.83,17.94,12.7,20.08,0.3,11.12,13.05,17.94,17.94,Good,True,7,0
2020-06-08 08:00:00,8.76,21.96,19.38,17.66,0.32,10.07,14.6,21.96,21.96,Good,True,8,0
2020-06-08 09:00:00,13.08,26.39,19.55,19.53,0.32,11.36,21.8,26.39,26.39,Good,True,9,0
2020-06-08 10:00:00,12.06,25.39,21.67,19.52,0.37,11.67,20.1,25.39,25.39,Good,True,10,0
2020-06-08 11:00:00,14.29,37.02,18.58,24.13,0.39,11.61,23.816666666666666,37.02,37.02,Good,True,11,0
2020-06-08 12:00:00,14.7,32.94,16.06,25.59,0.38,11.58,24.5,32.94,32.94,Good,True,12,0
2020-06-08 13:00:00,8.32,26.18,13.19,23.41,0.35,11.7,13.866666666666667,26.18,26.18,Good,True,13,0
2020-06-08 14:00:00,7.76,21.68,12.73,22.14,0.33,11.64,12.933333333333334,21.68,21.68,Good,True,14,0
2020-06-08 15:00:00,7.45,20.21,11.7,23.23,0.3,10.5,12.416666666666668,20.21,20.21,Good,True,15,0
2020-06-08 16:00:00,6.86,21.11,12.62,24.03,0.29,10.22,11.433333333333334,21.11,21.11,Good,True,16,0
2020-06-08 17:00:00,7.36,23.82,12.75,23.11,0.32,11.74,12.266666666666667,23.82,23.82,Good,True,17,0
2020-06-08 18:00:00,6.31,34.27,14.95,21.11,0.32,11.71,10.516666666666666,34.27,34.27,Good,True,18,0
2020-06-08 19:00:00,7.44,25.01,15.98,16.81,0.35,12.19,12.4,25.01,25.01,Good,True,19,0
2020-06-08 20:00:00,9.6,35.68,19.11,14.09,0.41,12.23,16.0,35.68,35.68,Good,True,20,0
2020-06-08 21:00:00,11.65,36.99,17.11,14.7,0.41,12.16,19.416666666666668,36.99,36.99,Good,True,21,0
2020-06-08 22:00:00,10.66,35.83,13.23,18.2,0.41,11.99,17.76666666666667,35.83,35.83,Good,True,22,0
2020-06-08 23:00:00,8.28,22.11,12.19,19.26,0.37,10.7,13.799999999999999,22.11,22.11,Good,True,23,0
2020-06-09 00:00:00,8.16,19.07,10.62,18.43,0.34,10.7,13.600000000000001,19.07,19.07,Good,True,0,1
2020-06-09 01:00:00,6.82,16.67,7.23,18.27,0.32,11.95,11.366666666666667,16.67,16.67,Good,True,1,1
2020-06-09 02:00:00,7.98,18.6,9.2,15.59,0.32,12.01,13.3,18.6,18.6,Good,True,2,1
2020-06-09 03:00:00,6.7,15.98,10.67,14.44,0.32,11.82,11.166666666666668,15.98,15.98,Good,True,3,1
2020-06-09 04:00:00,8.42,14.14,10.86,13.72,0.31,11.7,14.033333333333333,14.14,14.14,Good,True,4,1
2020-06-09 05:00:00,7.87,15.23,10.99,13.5,0.31,12.98,13.116666666666667,15.23,15.23,Good,True,5,1
2020-06-09 06:00:00,8.72,19.32,11.45,13.44,0.31,10.82,14.533333333333335,19.32,19.32,Good,True,6,1
2020-06-09 07:00:00,9.42,21.01,11.27,12.95,0.33,11.12,15.700000000000001,21.01,21.01,Good,True,7,1
2020-06-09 08:00:00,10.0,25.74,10.74,11.78,0.36,12.44,16.666666666666668,25.74,25.74,Good,True,8,1
2020-06-09 09:00:00,16.51,36.89,10.05,13.82,0.36,13.04,27.51666666666667,36.89,36.89,Good,True,9,1
2020-06-09 10:00:00,12.97,32.92,9.1,16.59,0.35,13.05,21.616666666666667,32.92,32.92,Good,True,10,1
2020-06-09 11:00:00,10.01,25.71,8.9,17.53,0.32,13.18,16.683333333333334,25.71,25.71,Good,True,11,1
2020-06-09 12:00:00,7.8,25.29,9.99,18.18,0.34,11.34,13.0,25.29,25.29,Good,True,12,1
2020-06-09 13:00:00,7.08,29.71,11.16,17.1,0.34,11.12,11.8,29.71,29.71,Good,True,13,1
2020-06-09 14:00:00,6.24,31.03,10.36,18.7,0.29,12.16,10.4,31.03,31.03,Good,True,14,1
2020-06-09 15:00:00,8.47,34.19,10.79,18.81,0.3,12.28,14.116666666666669,34.19,34.19,Good,True,15,1
2020-06-09 16:00:00,7.71,36.83,10.37,18.99,0.28,10.77,12.85,36.83,36.83,Good,True,16,1
2020-06-09 17:00:00,8.73,39.05,10.2,17.88,0.28,12.32,14.55,39.05,39.05,Good,True,17,1
2020-06-09 18:00:00,7.88,38.49,11.42,18.17,0.3,12.42,13.133333333333333,38.49,38.49,Good,True,18,1
2020-06-09 19:00:00,7.83,41.27,11.74,16.51,0.31,10.83,13.05,41.27,41.27,Good,True,19,1
2020-06-09 20:00:00,8.79,43.11,12.41,14.19,0.34,12.05,14.649999999999999,43.11,43.11,Good,True,20,1
2020-06-09 21:00:00,9.76,27.69,11.72,13.08,0.38,12.58,16.266666666666666,27.69,27.69,Good,True,21,1
2020-06-09 22:00:00,10.14,35.77,13.33,12.21,0.4,12.62,16.900000000000002,35.77,35.77,Good,True,22,1
2020-06-09 23:00:00,10.24,30.24,10.97,12.58,0.37,11.46,17.066666666666666,30.24,30.24,Good,True,23,1
2020-06-10 00:00:00,8.54,26.16,8.91,11.99,0.34,12.61,14.233333333333333,26.16,26.16,Good,True,0,2
2020-06-10 01:00:00,6.8,25.38,8.73,11.78,0.35,12.52,11.333333333333334,25.38,25.38,Good,True,1,2
2020-06-10 02:00:00,7.04,26.51,6.83,12.82,0.32,12.92,11.733333333333334,26.51,26.51,Good,True,2,2
2020-06-10 03:00:00,5.48,21.27,6.26,14.87,0.31,11.29,9.133333333333335,21.27,21.27,Good,True,3,2
2020-06-10 04:00:00,6.01,21.39,8.32,11.16,0.32,12.97,10.016666666666667,21.39,21.39,Good,True,4,2
2020-06-10 05:00:00,8.58,23.94,9.36,10.18,0.34,13.03,14.3,23.94,23.94,Good,True,5,2
2020-06-10 06:00:00,8.6,28.91,9.53,9.31,0.36,13.29,14.333333333333334,28.91,28.91,Good,True,6,2
2020-06-10 07:00:00,15.42,37.67,11.4,9.53,0.4,13.06,25.7,37.67,37.67,Good,True,7,2
2020-06-10 08:00:00,15.95,46.27,11.51,9.49,0.45,12.14,26.583333333333332,46.27,46.27,Good,True,8,2
2020-06-10 09:00:00,20.29,45.93,9.53,11.11,0.42,12.6,33.81666666666667,45.93,45.93,Good,True,9,2
2020-06-10 10:00:00,18.54,47.65,8.37,13.64,0.39,13.83,30.9,47.65,47.65,Good,True,10,2
2020-06-10 11:00:00,14.09,42.69,8.68,15.7,0.36,12.24,23.483333333333334,42.69,42.69,Good,True,11,2
2020-06-10 12:00:00,12.84,32.67,8.06,15.51,0.33,13.39,21.400000000000002,32.67,32.67,Good,True,12,2
2020-06-10 13:00:00,10.03,34.9,8.38,15.55,0.32,13.04,16.716666666666665,34.9,34.9,Good,True,13,2
2020-06-10 14:00:00,9.57,34.22,7.87,15.94,0.29,13.23,15.950000000000001,34.22,34.22,Good,True,14,2
2020-06-10 15:00:00,9.23,48.42,8.3,16.46,0.27,12.82,15.383333333333335,48.42,48.42,Good,True,15,2
2020-06-10 16:00:00,6.97,43.22,9.07,17.05,0.25,12.19,11.616666666666667,43.22,43.22,Good,True,16,2
2020-06-10 17:00:00,7.36,25.56,8.68,11.48,0.26,11.52,12.266666666666667,25.56,25.56,Good,True,17,2
2020-06-10 18:00:00,8.2,42.88,8.83,14.13,0.27,11.68,13.666666666666666,42.88,42.88,Good,True,18,2
2020-06-10 19:00:00,11.46,37.94,9.56,13.06,0.31,14.04,19.1,37.94,37.94,Good,True,19,2
2020-06-10 20:00:00,11.67,39.6,9.73,11.94,0.32,12.23,19.45,39.6,39.6,Good,True,20,2
2020-06-10 21:00:00,9.62,39.06,9.47,12.01,0.34,12.07,16.03333333333333,39.06,39.06,Good,True,21,2
2020-06-10 22:00:00,12.27,39.26,7.46,12.3,0.31,13.87,20.45,39.26,39.26,Good,True,22,2
2020-06-10 23:00:00,5.84,28.08,7.06,12.15,0.31,12.45,9.733333333333334,28.08,28.08,Good,True,23,2
2020-06-11 00:00:00,6.16,27.27,5.93,13.36,0.3,12.54,10.266666666666667,27.27,27.27,Good,True,0,3
2020-06-11 01:00:00,6.85,26.24,5.89,13.59,0.28,13.66,11.416666666666666,26.24,26.24,Good,True,1,3
2020-06-11 02:00:00,5.68,25.18,5.69,10.65,0.28,13.95,9.466666666666667,25.18,25.18,Good,True,2,3
2020-06-11 03:00:00,4.48,21.56,5.2,11.95,0.28,12.74,7.466666666666668,21.56,21.56,Good,True,3,3
2020-06-11 04:00:00,4.65,22.55,4.39,12.06,0.28,12.34,7.750000000000001,22.55,22.55,Good,True,4,3
2020-06-11 05:00:00,5.69,16.46,4.4,12.21,0.28,12.39,9.483333333333334,16.46,16.46,Good,True,5,3
2020-06-11 06:00:00,5.43,15.62,7.9,10.89,0.29,12.25,9.05,15.62,15.62,Good,True,6,3
2020-06-11 07:00:00,5.54,22.86,8.82,11.94,0.3,11.92,9.233333333333334,22.86,22.86,Good,True,7,3
2020-06-11 08:00:00,6.11,29.3,5.51,12.97,0.31,11.7,10.183333333333334,29.3,29.3,Good,True,8,3
2020-06-11 09:00:00,4.17,24.34,6.15,10.16,0.34,11.8,6.95,24.34,24.34,Good,True,9,3
2020-06-11 10:00:00,5.64,19.6,8.6,13.59,0.35,11.84,9.4,19.6,19.6,Good,True,10,3
2020-06-11 11:00:00,8.58,22.13,12.45,15.78,0.38,12.19,14.3,22.13,22.13,Good,True,11,3
2020-06-11 12:00:00,11.43,27.74,11.97,18.24,0.37,11.84,19.05,27.74,27.74,Good,True,12,3
2020-06-11 13:00:00,11.67,32.41,10.1,19.04,0.35,11.56,19.45,32.41,32.41,Good,True,13,3
2020-06-11 14:00:00,11.9,32.22,10.61,15.01,0.34,11.63,19.833333333333336,32.22,32.22,Good,True,14,3
2020-06-11 15:00:00,11.57,70.76,8.72,14.22,0.31,11.5,19.283333333333335,70.76,70.76,Satisfactory,True,15,3
2020-06-11 16:00:00,6.73,37.4,8.19,11.86,0.3,13.34,11.216666666666669,37.4,37.4,Good,True,16,3
2020-06-11 17:00:00,5.48,28.92,8.93,11.68,0.29,13.59,9.133333333333335,28.92,28.92,Good,True,17,3
2020-06-11 18:00:00,7.33,29.85,8.64,12.39,0.29,13.7,12.216666666666667,29.85,29.85,Good,True,18,3
2020-06-11 19:00:00,6.25,35.88,9.24,10.94,0.3,13.65,10.416666666666668,35.88,35.88,Good,True,19,3
2020-06-11 20:00:00,40.73,33.68,9.11,10.08,0.32,15.63,67.4403448275862,33.68,67.4403448275862,Satisfactory,True,20,3
2020-06-11 21:00:00,17.14,26.0,10.76,8.66,0.35,13.6,28.56666666666667,26.0,28.56666666666667,Good,True,21,3
2020-06-11 22:00:00,9.24,26.05,10.08,8.84,0.35,13.77,15.4,26.05,26.05,Good,True,22,3
2020-06-11 23:00:00,7.53,22.4,10.48,6.93,0.39,13.77,12.55,22.4,22.4,Good,True,23,3
2020-06-12 00:00:00,12.12,36.55,10.74,5.84,0.39,14.04,20.2,36.55,36.55,Good,True,0,4
2020-06-12 01:00:00,12.59,33.75,9.42,6.28,0.37,13.95,20.983333333333334,33.75,33.75,Good,True,1,4
2020-06-12 02:00:00,12.35,35.5,9.71,6.18,0.37,14.05,20.583333333333332,35.5,35.5,Good,True,2,4
2020-06-12 03:00:00,13.25,41.99,9.88,5.86,0.36,13.95,22.083333333333336,41.99,41.99,Good,True,3,4
2020-06-12 04:00:00,11.6,29.21,8.33,6.1,0.36,16.15,19.333333333333332,29.21,29.21,Good,True,4,4
2020-06-12 05:00:00,9.43,32.93,9.83,5.54,0.38,16.11,15.716666666666667,32.93,32.93,Good,True,5,4
2020-06-12 06:00:00,11.28,27.92,10.34,5.52,0.34,13.87,18.8,27.92,27.92,Good,True,6,4
2020-06-12 07:00:00,11.73,31.39,8.48,5.91,0.36,13.36,19.55,31.39,31.39,Good,True,7,4
2020-06-12 08:00:00,12.99,36.58,8.49,6.16,0.39,13.61,21.650000000000002,36.58,36.58,Good,True,8,4
2020-06-12 09:00:00,12.65,35.45,7.25,6.82,0.37,15.89,21.083333333333336,35.45,35.45,Good,True,9,4
2020-06-12 10:00:00,10.01,31.63,9.44,8.9,0.37,16.11,16.683333333333334,31.63,31.63,Good,True,10,4
2020-06-12 11:00:00,10.34,28.8,10.51,11.99,0.37,14.37,17.233333333333334,28.8,28.8,Good,True,11,4
2020-06-12 12:00:00,17.73,31.78,15.47,16.2,0.41,11.51,29.55,31.78,31.78,Good,True,12,4
2020-06-12 13:00:00,11.39,35.72,12.51,16.46,0.42,15.65,18.983333333333334,35.72,35.72,Good,True,13,4
2020-06-12 14:00:00,9.06,31.65,11.97,27.77,0.39,11.12,15.100000000000001,31.65,31.65,Good,True,14,4
2020-06-12 15:00:00,5.59,25.25,9.22,16.43,0.34,9.91,9.316666666666666,25.25,25.25,Good,True,15,4
2020-06-12 16:00:00,5.85,31.52,9.66,18.71,0.33,9.43,9.75,31.52,31.52,Good,True,16,4
2020-06-12 17:00:00,7.59,34.19,13.69,18.99,0.31,11.11,12.65,34.19,34.19,Good,True,17,4
2020-06-12 18:00:00,10.01,32.97,14.08,13.91,0.32,9.82,16.683333333333334,32.97,32.97,Good,True,18,4
2020-06-12 19:00:00,11.36,36.36,13.13,12.02,0.33,11.62,18.933333333333334,36.36,36.36,Good,True,19,4
2020-06-12 20:00:00,5.99,24.76,13.04,9.71,0.37,18.45,9.983333333333334,24.76,24.76,Good,True,20,4
2020-06-12 21:00:00,5.66,21.59,12.81,8.47,0.41,16.49,9.433333333333334,21.59,21.59,Good,True,21,4
2020-06-12 22:00:00,7.23,22.51,14.55,6.12,0.48,11.29,12.05,22.51,22.51,Good,True,22,4
2020-06-12 23:00:00,13.21,32.62,16.04,5.41,0.51,16.01,22.01666666666667,32.62,32.62,Good,True,23,4
2020-06-13 00:00:00,16.26,33.84,14.99,5.83,0.48,10.15,27.100000000000005,33.84,33.84,Good,True,0,5
2020-06-13 01:00:00,10.99,30.23,14.18,5.62,0.47,18.42,18.316666666666666,30.23,30.23,Good,True,1,5
2020-06-13 02:00:00,12.38,29.65,12.59,5.51,0.47,10.69,20.633333333333336,29.65,29.65,Good,True,2,5
2020-06-13 03:00:00,17.62,32.33,13.23,5.75,0.49,19.08,29.36666666666667,32.33,32.33,Good,True,3,5
2020-06-13 04:00:00,20.94,33.72,11.49,7.93,0.46,16.47,34.900000000000006,33.72,34.900000000000006,Good,True,4,5
2020-06-13 05:00:00,22.54,35.8,10.41,7.48,0.46,16.32,37.56666666666667,35.8,37.56666666666667,Good,True,5,5
2020-06-13 06:00:00,13.99,32.02,10.93,6.92,0.44,18.56,23.316666666666666,32.02,32.02,Good,True,6,5
2020-06-13 07:00:00,13.98,31.3,10.77,7.33,0.43,15.81,23.3,31.3,31.3,Good,True,7,5
2020-06-13 08:00:00,13.13,27.82,9.19,8.79,0.39,15.92,21.883333333333336,27.82,27.82,Good,True,8,5
2020-06-13 09:00:00,10.18,21.88,9.18,11.4,0.37,15.95,16.96666666666667,21.88,21.88,Good,True,9,5
2020-06-13 10:00:00,7.33,19.8,11.09,13.3,0.39,15.74,12.216666666666667,19.8,19.8,Good,True,10,5
2020-06-13 11:00:00,9.29,22.54,12.32,14.26,0.39,15.55,15.483333333333333,22.54,22.54,Good,True,11,5
2020-06-13 12:00:00,8.87,20.18,11.47,14.33,0.39,17.92,14.783333333333333,20.18,20.18,Good,True,12,5
2020-06-13 13:00:00,6.08,21.26,11.49,14.03,0.36,17.72,10.133333333333335,21.26,21.26,Good,True,13,5
2020-06-13 14:00:00,6.44,21.21,11.53,14.16,0.37,15.51,10.733333333333334,21.21,21.21,Good,True,14,5
2020-06-13 15:00:00,9.24,31.89,12.22,14.3,0.32,9.27,15.4,31.89,31.89,Good,True,15,5
2020-06-13 16:00:00,3.77,26.34,14.15,14.19,0.3,9.23,6.283333333333333,26.34,26.34,Good,True,16,5
2020-06-13 17:00:00,6.86,32.0,13.39,13.4,0.29,9.22,11.433333333333334,32.0,32.0,Good,True,17,5
2020-06-13 18:00:00,5.3,34.31,13.7,9.02,0.33,9.01,8.833333333333334,34.31,34.31,Good,True,18,5
2020-06-13 19:00:00,6.39,32.24,14.9,8.64,0.34,9.51,10.65,32.24,32.24,Good,True,19,5
2020-06-13 20:00:00,8.41,30.17,14.99,10.76,0.35,9.12,14.016666666666667,30.17,30.17,Good,True,20,5
2020-06-13 21:00:00,5.52,25.49,13.68,10.19,0.35,8.81,9.2,25.49,25.49,Good,True,21,5
2020-06-13 22:00:00,5.91,19.07,13.45,8.51,0.4,10.67,9.850000000000001,19.07,19.07,Good,True,22,5
2020-06-13 23:00:00,7.14,20.87,12.98,9.52,0.38,9.13,11.9,20.87,20.87,Good,True,23,5
2020-06-14 00:00:00,7.42,20.85,11.92,8.34,0.37,9.19,12.366666666666667,20.85,20.85,Good,True,0,6
2020-06-14 01:00:00,5.16,18.3,12.09,8.52,0.38,9.57,8.600000000000001,18.3,18.3,Good,True,1,6
2020-06-14 02:00:00,8.0,14.74,12.38,6.96,0.4,10.46,13.333333333333334,14.74,14.74,Good,True,2,6
2020-06-14 03:00:00,8.46,18.9,13.75,7.96,0.37,9.85,14.100000000000001,18.9,18.9,Good,True,3,6
2020-06-14 04:00:00,5.56,16.77,13.03,6.66,0.4,9.65,9.266666666666666,16.77,16.77,Good,True,4,6
2020-06-14 05:00:00,7.12,23.36,18.67,5.79,0.41,9.89,11.866666666666667,23.36,23.36,Good,True,5,6
2020-06-14 06:00:00,11.76,28.62,15.79,6.04,0.41,11.59,19.6,28.62,28.62,Good,True,6,6
2020-06-14 07:00:00,11.22,32.74,13.71,6.57,0.43,10.47,18.700000000000003,32.74,32.74,Good,True,7,6
2020-06-14 08:00:00,12.41,35.12,12.67,6.66,0.44,11.73,20.683333333333334,35.12,35.12,Good,True,8,6
2020-06-14 09:00:00,10.74,24.81,11.53,6.94,0.44,10.4,17.900000000000002,24.81,24.81,Good,True,9,6
2020-06-14 10:00:00,11.52,25.93,13.23,7.87,0.44,10.61,19.2,25.93,25.93,Good,True,10,6
2020-06-14 11:00:00,12.14,29.81,16.46,10.79,0.46,10.4,20.233333333333334,29.81,29.81,Good,True,11,6
2020-06-14 12:00:00,12.34,33.51,18.47,13.6,0.45,10.46,20.566666666666666,33.51,33.51,Good,True,12,6
2020-06-14 13:00:00,11.56,27.49,15.42,15.92,0.4,10.13,19.26666666666667,27.49,27.49,Good,True,13,6
2020-06-14 14:00:00,20.0,24.71,15.25,15.88,0.39,11.1,33.333333333333336,24.71,33.333333333333336,Good,True,14,6
2020-06-14 15:00:00,6.18,20.49,11.15,14.71,0.37,7.4,10.3,20.49,20.49,Good,True,15,6
2020-06-14 16:00:00,5.09,26.11,10.08,13.34,0.32,9.48,8.483333333333334,26.11,26.11,Good,True,16,6
2020-06-14 17:00:00,4.71,23.03,9.6,13.78,0.3,9.69,7.8500000000000005,23.03,23.03,Good,True,17,6
2020-06-14 18:00:00,4.59,29.02,9.85,13.9,0.3,9.86,7.65,29.02,29.02,Good,True,18,6
2020-06-14 19:00:00,8.65,29.46,11.3,12.57,0.31,10.1,14.416666666666668,29.46,29.46,Good,True,19,6
2020-06-14 20:00:00,15.19,25.83,10.75,11.83,0.33,12.02,25.316666666666666,25.83,25.83,Good,True,20,6
2020-06-14 21:00:00,8.0,26.84,11.01,10.36,0.36,10.16,13.333333333333334,26.84,26.84,Good,True,21,6
2020-06-14 22:00:00,20.7,22.27,10.79,9.86,0.34,10.09,34.5,22.27,34.5,Good,True,22,6
2020-06-14 23:00:00,8.45,21.78,9.98,8.86,0.35,10.4,14.083333333333332,21.78,21.78,Good,True,23,6
2020-06-15 00:00:00,6.43,18.76,10.96,8.69,0.34,10.28,10.716666666666667,18.76,18.76,Good,True,0,0
2020-06-15 01:00:00,5.66,17.41,10.44,8.12,0.34,10.57,9.433333333333334,17.41,17.41,Good,True,1,0
2020-06-15 02:00:00,5.0,19.2,11.37,8.03,0.36,10.53,8.333333333333334,19.2,19.2,Good,True,2,0
2020-06-15 03:00:00,9.26,21.86,10.17,8.3,0.34,10.71,15.433333333333334,21.86,21.86,Good,True,3,0
2020-06-15 04:00:00,12.44,30.44,9.6,7.79,0.33,10.82,20.733333333333334,30.44,30.44,Good,True,4,0
2020-06-15 05:00:00,14.96,20.8,8.83,8.9,0.34,12.59,24.933333333333337,20.8,24.933333333333337,Good,True,5,0
2020-06-15 06:00:00,5.31,17.08,15.03,7.17,0.34,12.06,8.85,17.08,17.08,Good,True,6,0
2020-06-15 07:00:00,7.17,13.83,12.56,6.52,0.38,10.26,11.950000000000001,13.83,13.83,Good,True,7,0
2020-06-15 08:00:00,9.47,28.73,11.69,6.03,0.41,10.42,15.783333333333335,28.73,28.73,Good,True,8,0
2020-06-15 09:00:00,12.12,40.95,10.63,6.54,0.4,10.78,20.2,40.95,40.95,Good,True,9,0
2020-06-15 10:00:00,13.48,34.97,11.11,8.55,0.38,11.36,22.46666666666667,34.97,34.97,Good,True,10,0
2020-06-15 11:00:00,12.38,32.0,11.76,10.2,0.39,11.48,20.633333333333336,32.0,32.0,Good,True,11,0
2020-06-15 12:00:00,7.07,25.61,15.33,12.18,0.38,10.8,11.783333333333335,25.61,25.61,Good,True,12,0
2020-06-15 13:00:00,6.58,23.32,14.92,13.27,0.38,11.79,10.966666666666667,23.32,23.32,Good,True,13,0
2020-06-15 14:00:00,8.56,37.37,13.7,14.28,0.37,9.69,14.266666666666667,37.37,37.37,Good,True,14,0
2020-06-15 15:00:00,4.35,26.15,15.84,14.87,0.34,8.83,7.25,26.15,26.15,Good,True,15,0
2020-06-15 16:00:00,4.31,31.0,15.84,14.54,0.34,11.88,7.183333333333333,31.0,31.0,Good,True,16,0
2020-06-15 17:00:00,5.93,26.15,14.43,12.03,0.37,11.12,9.883333333333333,26.15,26.15,Good,True,17,0
2020-06-15 18:00:00,6.53,23.2,16.46,9.93,0.41,12.58,10.883333333333335,23.2,23.2,Good,True,18,0
2020-06-15 19:00:00,6.85,23.67,18.58,10.32,0.45,10.61,11.416666666666666,23.67,23.67,Good,True,19,0
2020-06-15 20:00:00,11.48,27.69,21.14,8.31,0.54,10.92,19.133333333333336,27.69,27.69,Good,True,20,0
2020-06-15 21:00:00,32.93,44.11,21.88,6.71,0.6,11.19,54.26103448275862,44.11,54.26103448275862,Satisfactory,True,21,0
2020-06-15 22:00:00,29.3,37.84,22.36,7.13,0.61,13.17,48.833333333333336,37.84,48.833333333333336,Good,True,22,0
2020-06-15 23:00:00,16.39,38.81,13.39,11.73,0.52,12.82,27.31666666666667,38.81,38.81,Good,True,23,0
2020-06-16 00:00:00,9.34,21.78,14.19,8.28,0.51,10.24,15.566666666666666,21.78,21.78,Good,True,0,1
2020-06-16 01:00:00,8.33,20.78,14.33,6.55,0.5,10.9,13.883333333333335,20.78,20.78,Good,True,1,1
2020-06-16 02:00:00,8.69,18.77,13.7,7.81,0.48,10.98,14.483333333333333,18.77,18.77,Good,True,2,1
2020-06-16 03:00:00,9.75,23.37,14.61,7.58,0.48,10.96,16.25,23.37,23.37,Good,True,3,1
2020-06-16 04:00:00,9.62,23.15,13.75,7.37,0.46,11.41,16.03333333333333,23.15,23.15,Good,True,4,1
2020-06-16 05:00:00,16.06,22.61,14.18,7.46,0.47,11.56,26.766666666666666,22.61,26.766666666666666,Good,True,5,1
2020-06-16 06:00:00,14.09,24.49,15.63,7.16,0.48,13.16,23.483333333333334,24.49,24.49,Good,True,6,1
2020-06-16 07:00:00,11.04,30.35,14.01,8.31,0.48,12.63,18.4,30.35,30.35,Good,True,7,1
2020-06-16 08:00:00,12.2,25.39,12.42,11.86,0.47,10.47,20.333333333333332,25.39,25.39,Good,True,8,1
2020-06-16 09:00:00,11.59,21.86,12.64,14.14,0.45,10.76,19.316666666666666,21.86,21.86,Good,True,9,1
2020-06-16 10:00:00,10.37,21.93,13.36,13.72,0.45,11.22,17.28333333333333,21.93,21.93,Good,True,10,1
2020-06-16 11:00:00,7.22,15.91,14.1,14.61,0.46,11.08,12.033333333333333,15.91,15.91,Good,True,11,1
2020-06-16 12:00:00,5.52,25.55,15.11,13.68,0.46,12.59,9.2,25.55,25.55,Good,True,12,1
2020-06-16 13:00:00,10.52,23.1,13.94,18.69,0.44,11.1,17.533333333333335,23.1,23.1,Good,True,13,1
2020-06-16 14:00:00,22.97,24.78,13.99,19.65,0.43,12.89,38.28333333333333,24.78,38.28333333333333,Good,True,14,1
2020-06-16 15:00:00,5.75,18.81,14.63,20.1,0.41,12.03,9.583333333333334,18.81,18.81,Good,True,15,1
2020-06-16 16:00:00,5.51,21.1,16.11,19.53,0.39,11.9,9.183333333333334,21.1,21.1,Good,True,16,1
2020-06-16 17:00:00,6.43,23.71,14.29,17.46,0.36,9.68,10.716666666666667,23.71,23.71,Good,True,17,1
2020-06-16 18:00:00,7.79,28.92,13.24,18.23,0.36,10.61,12.983333333333334,28.92,28.92,Good,True,18,1
2020-06-16 19:00:00,6.68,20.89,13.68,19.18,0.36,10.09,11.133333333333333,20.89,20.89,Good,True,19,1
2020-06-16 20:00:00,6.89,21.8,13.91,17.29,0.37,11.88,11.483333333333333,21.8,21.8,Good,True,20,1
2020-06-16 21:00:00,6.73,26.78,13.24,15.93,0.4,10.67,11.216666666666669,26.78,26.78,Good,True,21,1
2020-06-16 22:00:00,9.85,19.92,12.08,16.11,0.39,10.46,16.416666666666668,19.92,19.92,Good,True,22,1
2020-06-16 23:00:00,7.14,18.57,14.24,13.32,0.39,10.54,11.9,18.57,18.57,Good,True,23,1
2020-06-17 00:00:00,8.09,25.0,15.24,11.47,0.38,10.72,13.483333333333334,25.0,25.0,Good,True,0,2
2020-06-17 01:00:00,5.06,19.19,14.25,10.66,0.41,9.9,8.433333333333334,19.19,19.19,Good,True,1,2
2020-06-17 02:00:00,7.24,22.18,14.08,11.46,0.39,11.95,12.066666666666668,22.18,22.18,Good,True,2,2
2020-06-17 03:00:00,6.9,19.85,11.32,13.3,0.36,10.45,11.500000000000002,19.85,19.85,Good,True,3,2
2020-06-17 04:00:00,7.44,15.97,12.14,12.67,0.35,12.22,12.4,15.97,15.97,Good,True,4,2
2020-06-17 05:00:00,12.44,16.83,10.94,10.9,0.36,11.13,20.733333333333334,16.83,20.733333333333334,Good,True,5,2
2020-06-17 06:00:00,5.3,15.25,16.24,6.94,0.4,11.41,8.833333333333334,15.25,15.25,Good,True,6,2
2020-06-17 07:00:00,4.86,21.09,15.86,6.21,0.46,11.16,8.100000000000001,21.09,21.09,Good,True,7,2
2020-06-17 08:00:00,5.9,33.36,14.53,7.46,0.46,11.52,9.833333333333334,33.36,33.36,Good,True,8,2
2020-06-17 09:00:00,7.09,28.24,14.67,8.35,0.46,10.46,11.816666666666666,28.24,28.24,Good,True,9,2
2020-06-17 10:00:00,15.17,31.19,16.01,9.02,0.45,12.72,25.283333333333335,31.19,31.19,Good,True,10,2
2020-06-17 11:00:00,9.14,27.06,14.93,9.96,0.46,10.89,15.233333333333334,27.06,27.06,Good,True,11,2
2020-06-17 12:00:00,7.05,26.58,15.6,10.38,0.46,11.04,11.75,26.58,26.58,Good,True,12,2
2020-06-17 13:00:00,11.68,27.25,16.64,12.43,0.47,11.29,19.46666666666667,27.25,27.25,Good,True,13,2
2020-06-17 14:00:00,9.73,26.29,15.3,12.94,0.45,11.37,16.21666666666667,26.29,26.29,Good,True,14,2
2020-06-17 15:00:00,5.66,15.48,14.56,11.1,0.41,11.29,9.433333333333334,15.48,15.48,Good,True,15,2
2020-06-17 16:00:00,2.89,21.71,13.17,11.09,0.39,13.06,4.816666666666667,21.71,21.71,Good,True,16,2
2020-06-17 17:00:00,2.44,16.45,12.57,11.07,0.37,12.57,4.066666666666666,16.45,16.45,Good,True,17,2
2020-06-17 18:00:00,2.24,16.0,14.21,10.63,0.38,10.45,3.733333333333334,16.0,16.0,Good,True,18,2
2020-06-17 19:00:00,2.84,20.03,13.69,10.09,0.37,10.71,4.733333333333333,20.03,20.03,Good,True,19,2
2020-06-17 20:00:00,3.54,21.0,13.94,9.88,0.39,10.83,5.9,21.0,21.0,Good,True,20,2
2020-06-17 21:00:00,5.18,18.67,14.33,10.25,0.4,10.95,8.633333333333333,18.67,18.67,Good,True,21,2
2020-06-17 22:00:00,4.55,13.7,12.56,14.63,0.36,10.21,7.583333333333333,13.7,13.7,Good,True,22,2
2020-06-17 23:00:00,6.4,14.64,15.46,10.35,0.36,11.1,10.666666666666668,14.64,14.64,Good,True,23,2
2020-06-18 00:00:00,3.0,14.13,16.94,7.4,0.38,9.88,5.0,14.13,14.13,Good,True,0,3
2020-06-18 01:00:00,3.81,18.55,20.03,7.01,0.41,9.89,6.3500000000000005,18.55,18.55,Good,True,1,3
2020-06-18 02:00:00,6.78,24.39,17.0,6.76,0.39,9.78,11.3,24.39,24.39,Good,True,2,3
2020-06-18 03:00:00,5.46,24.68,18.24,6.91,0.4,10.22,9.1,24.68,24.68,Good,True,3,3
2020-06-18 04:00:00,6.21,25.92,15.26,6.89,0.38,10.14,10.35,25.92,25.92,Good,True,4,3
2020-06-18 05:00:00,7.24,23.27,15.06,6.2,0.38,11.89,12.066666666666668,23.27,23.27,Good,True,5,3
2020-06-18 06:00:00,8.16,32.16,13.1,6.3,0.39,12.15,13.600000000000001,32.16,32.16,Good,True,6,3
2020-06-18 07:00:00,9.31,31.61,13.61,5.75,0.4,10.62,15.516666666666667,31.61,31.61,Good,True,7,3
2020-06-18 08:00:00,9.3,39.94,12.74,6.08,0.44,10.58,15.500000000000002,39.94,39.94,Good,True,8,3
2020-06-18 09:00:00,9.98,44.51,12.39,7.21,0.44,10.72,16.633333333333336,44.51,44.51,Good,True,9,3
2020-06-18 10:00:00,11.11,42.25,13.44,8.7,0.4,10.06,18.516666666666666,42.25,42.25,Good,True,10,3
2020-06-18 11:00:00,9.85,33.39,11.85,9.3,0.39,10.35,16.416666666666668,33.39,33.39,Good,True,11,3
2020-06-18 12:00:00,8.7,31.75,12.47,10.51,0.38,12.17,14.5,31.75,31.75,Good,True,12,3
2020-06-18 13:00:00,10.3,41.4,13.58,12.41,0.37,9.69,17.166666666666668,41.4,41.4,Good,True,13,3
2020-06-18 14:00:00,8.42,30.45,15.91,12.4,0.39,12.01,14.033333333333333,30.45,30.45,Good,True,14,3
2020-06-18 15:00:00,6.39,27.66,17.74,7.57,0.49,12.82,10.65,27.66,27.66,Good,True,15,3
2020-06-18 16:00:00,7.19,24.52,18.38,10.51,0.48,11.71,11.983333333333334,24.52,24.52,Good,True,16,3
2020-06-18 17:00:00,5.38,16.9,15.71,10.77,0.46,12.29,8.966666666666667,16.9,16.9,Good,True,17,3
2020-06-18 18:00:00,7.84,20.34,18.96,10.49,0.5,10.61,13.066666666666666,20.34,20.34,Good,True,18,3
2020-06-18 19:00:00,7.89,19.29,13.64,12.46,0.42,10.25,13.15,19.29,19.29,Good,True,19,3
2020-06-18 20:00:00,4.22,17.26,18.15,11.55,0.46,11.35,7.033333333333333,17.26,17.26,Good,True,20,3
2020-06-18 21:00:00,5.59,22.41,21.44,10.5,0.49,10.1,9.316666666666666,22.41,22.41,Good,True,21,3
2020-06-18 22:00:00,8.64,20.38,17.87,9.58,0.52,11.68,14.400000000000002,20.38,20.38,Good,True,22,3
2020-06-18 23:00:00,8.26,20.07,21.04,8.94,0.53,10.47,13.766666666666667,20.07,20.07,Good,True,23,3
2020-06-19 00:00:00,8.78,23.48,17.64,8.66,0.51,11.66,14.633333333333333,23.48,23.48,Good,True,0,4
2020-06-19 01:00:00,10.2,19.7,13.96,8.67,0.49,9.95,17.0,19.7,19.7,Good,True,1,4
2020-06-19 02:00:00,8.61,22.8,13.92,8.96,0.45,9.4,14.35,22.8,22.8,Good,True,2,4
2020-06-19 03:00:00,6.98,25.28,13.47,8.88,0.44,10.97,11.633333333333335,25.28,25.28,Good,True,3,4
2020-06-19 04:00:00,10.05,29.73,13.44,8.69,0.43,10.98,16.750000000000004,29.73,29.73,Good,True,4,4
2020-06-19 05:00:00,9.88,35.71,13.07,9.85,0.42,9.98,16.46666666666667,35.71,35.71,Good,True,5,4
2020-06-19 06:00:00,10.37,36.2,13.11,9.08,0.42,10.18,17.28333333333333,36.2,36.2,Good,True,6,4
2020-06-19 07:00:00,11.29,40.21,13.52,9.11,0.45,11.47,18.816666666666666,40.21,40.21,Good,True,7,4
2020-06-19 08:00:00,15.82,45.78,11.28,9.18,0.49,10.79,26.366666666666667,45.78,45.78,Good,True,8,4
2020-06-19 09:00:00,16.51,57.93,9.52,9.3,0.52,11.1,27.51666666666667,57.93,57.93,Satisfactory,True,9,4
2020-06-19 10:00:00,18.26,53.76,9.51,9.86,0.5,10.93,30.433333333333337,53.76,53.76,Satisfactory,True,10,4
2020-06-19 11:00:00,20.11,71.08,10.49,10.41,0.46,10.75,33.516666666666666,71.08,71.08,Satisfactory,True,11,4
2020-06-19 12:00:00,20.02,75.73,10.58,10.82,0.42,10.38,33.36666666666667,75.73,75.73,Satisfactory,True,12,4
2020-06-19 13:00:00,20.62,77.26,10.05,8.51,0.42,13.3,34.36666666666667,77.26,77.26,Satisfactory,True,13,4
2020-06-19 14:00:00,20.65,78.5,9.69,8.93,0.38,11.7,34.416666666666664,78.5,78.5,Satisfactory,True,14,4
2020-06-19 15:00:00,16.32,72.12,9.09,9.2,0.36,11.48,27.200000000000003,72.12,72.12,Satisfactory,True,15,4
2020-06-19 16:00:00,14.74,77.37,9.44,9.34,0.34,12.74,24.566666666666666,77.37,77.37,Satisfactory,True,16,4
2020-06-19 17:00:00,16.66,70.17,9.6,9.12,0.34,12.55,27.76666666666667,70.17,70.17,Satisfactory,True,17,4
2020-06-19 18:00:00,16.31,65.93,9.97,7.6,0.33,10.32,27.183333333333334,65.93,65.93,Satisfactory,True,18,4
2020-06-19 19:00:00,15.68,77.31,11.43,7.26,0.35,9.58,26.133333333333333,77.31,77.31,Satisfactory,True,19,4
2020-06-19 20:00:00,17.73,78.33,12.76,6.27,0.36,10.48,29.55,78.33,78.33,Satisfactory,True,20,4
2020-06-19 21:00:00,16.59,61.61,14.15,6.31,0.4,10.92,27.650000000000002,61.61,61.61,Satisfactory,True,21,4
2020-06-19 22:00:00,16.77,62.54,11.74,7.16,0.4,11.32,27.95,62.54,62.54,Satisfactory,True,22,4
2020-06-19 23:00:00,13.62,54.9,10.43,7.06,0.4,10.08,22.7,54.9,54.9,Satisfactory,True,23,4
2020-06-20 00:00:00,13.48,59.56,8.97,7.27,0.4,10.31,22.46666666666667,59.56,59.56,Satisfactory,True,0,5
2020-06-20 01:00:00,9.02,49.62,7.91,7.64,0.38,11.23,15.033333333333333,49.62,49.62,Good,True,1,5
2020-06-20 02:00:00,9.19,38.72,7.14,7.7,0.35,11.77,15.316666666666666,38.72,38.72,Good,True,2,5
2020-06-20 03:00:00,9.63,42.78,6.21,7.56,0.34,11.17,16.05,42.78,42.78,Good,True,3,5
2020-06-20 04:00:00,7.91,42.96,6.5,7.44,0.32,12.42,13.183333333333334,42.96,42.96,Good,True,4,5
2020-06-20 05:00:00,9.43,46.46,6.13,7.81,0.31,11.02,15.716666666666667,46.46,46.46,Good,True,5,5
2020-06-20 06:00:00,9.92,41.97,6.76,7.5,0.31,10.67,16.533333333333335,41.97,41.97,Good,True,6,5
2020-06-20 07:00:00,9.44,42.77,8.73,7.65,0.33,9.98,15.733333333333333,42.77,42.77,Good,True,7,5
2020-06-20 08:00:00,9.35,41.6,8.37,7.83,0.35,10.08,15.583333333333334,41.6,41.6,Good,True,8,5
2020-06-20 09:00:00,8.24,42.41,8.58,6.73,0.38,10.38,13.733333333333334,42.41,42.41,Good,True,9,5
2020-06-20 10:00:00,10.14,48.44,9.22,7.53,0.37,10.5,16.900000000000002,48.44,48.44,Good,True,10,5
2020-06-20 11:00:00,13.85,53.49,8.53,7.88,0.33,10.07,23.083333333333332,53.49,53.49,Satisfactory,True,11,5
2020-06-20 12:00:00,11.62,53.84,9.58,8.29,0.33,9.37,19.366666666666667,53.84,53.84,Satisfactory,True,12,5
2020-06-20 13:00:00,13.76,62.51,6.26,9.15,0.33,9.29,22.933333333333334,62.51,62.51,Satisfactory,True,13,5
2020-06-20 14:00:00,13.52,62.97,6.45,10.28,0.32,12.01,22.533333333333335,62.97,62.97,Satisfactory,True,14,5
2020-06-20 15:00:00,13.87,58.95,6.19,10.59,0.32,10.54,23.116666666666667,58.95,58.95,Satisfactory,True,15,5
2020-06-20 16:00:00,12.68,58.53,7.25,10.16,0.32,10.58,21.133333333333333,58.53,58.53,Satisfactory,True,16,5
2020-06-20 17:00:00,13.35,58.38,6.59,9.76,0.32,12.6,22.25,58.38,58.38,Satisfactory,True,17,5
2020-06-20 18:00:00,12.26,66.53,6.96,9.52,0.32,10.1,20.433333333333334,66.53,66.53,Satisfactory,True,18,5
2020-06-20 19:00:00,13.21,68.04,12.09,8.35,0.32,10.04,22.01666666666667,68.04,68.04,Satisfactory,True,19,5
2020-06-20 20:00:00,14.24,56.4,12.91,8.49,0.34,11.08,23.733333333333334,56.4,56.4,Satisfactory,True,20,5
2020-06-20 21:00:00,15.47,48.76,13.11,7.32,0.37,9.61,25.783333333333335,48.76,48.76,Good,True,21,5
2020-06-20 22:00:00,18.14,51.72,11.64,8.08,0.38,10.15,30.233333333333334,51.72,51.72,Satisfactory,True,22,5
2020-06-20 23:00:00,15.46,54.14,10.13,8.58,0.37,12.24,25.76666666666667,54.14,54.14,Satisfactory,True,23,5
2020-06-21 00:00:00,10.36,44.55,9.15,9.05,0.35,12.01,17.266666666666666,44.55,44.55,Good,True,0,6
2020-06-21 01:00:00,8.14,42.71,8.09,8.69,0.36,12.56,13.566666666666668,42.71,42.71,Good,True,1,6
2020-06-21 02:00:00,9.95,38.33,8.63,8.94,0.35,12.34,16.583333333333332,38.33,38.33,Good,True,2,6
2020-06-21 03:00:00,8.92,29.37,10.55,8.24,0.33,11.31,14.866666666666667,29.37,29.37,Good,True,3,6
2020-06-21 04:00:00,9.18,34.41,7.8,8.46,0.32,11.52,15.3,34.41,34.41,Good,True,4,6
2020-06-21 05:00:00,7.55,36.34,7.34,8.99,0.3,12.66,12.583333333333334,36.34,36.34,Good,True,5,6
2020-06-21 06:00:00,7.81,35.54,8.25,9.13,0.29,10.36,13.016666666666666,35.54,35.54,Good,True,6,6
2020-06-21 07:00:00,7.68,40.89,8.59,8.87,0.3,10.46,12.8,40.89,40.89,Good,True,7,6
2020-06-21 08:00:00,7.18,45.57,8.82,9.16,0.31,10.74,11.966666666666667,45.57,45.57,Good,True,8,6
2020-06-21 09:00:00,9.51,37.39,7.38,8.26,0.31,12.85,15.85,37.39,37.39,Good,True,9,6
2020-06-21 10:00:00,9.2,44.16,7.85,9.05,0.3,12.38,15.333333333333332,44.16,44.16,Good,True,10,6
2020-06-21 11:00:00,9.62,40.2,9.68,9.69,0.29,11.87,16.03333333333333,40.2,40.2,Good,True,11,6
2020-06-21 12:00:00,10.26,45.72,9.15,12.03,0.27,11.3,17.1,45.72,45.72,Good,True,12,6
2020-06-21 13:00:00,8.14,44.06,9.38,10.84,0.27,10.95,13.566666666666668,44.06,44.06,Good,True,13,6
2020-06-21 14:00:00,10.19,42.11,10.65,11.15,0.27,11.42,16.983333333333334,42.11,42.11,Good,True,14,6
2020-06-21 15:00:00,8.96,45.02,9.22,11.91,0.28,12.17,14.933333333333335,45.02,45.02,Good,True,15,6
2020-06-21 16:00:00,8.29,38.86,10.17,11.8,0.28,10.66,13.816666666666666,38.86,38.86,Good,True,16,6
2020-06-21 17:00:00,9.17,39.65,8.55,10.5,0.28,11.13,15.283333333333333,39.65,39.65,Good,True,17,6
2020-06-21 18:00:00,10.02,42.47,9.58,10.05,0.3,11.87,16.7,42.47,42.47,Good,True,18,6
2020-06-21 19:00:00,8.46,44.75,9.86,10.51,0.3,11.25,14.100000000000001,44.75,44.75,Good,True,19,6
2020-06-21 20:00:00,9.42,44.35,11.91,9.11,0.33,11.59,15.700000000000001,44.35,44.35,Good,True,20,6
2020-06-21 21:00:00,9.71,46.72,14.51,7.13,0.36,11.0,16.183333333333337,46.72,46.72,Good,True,21,6
2020-06-21 22:00:00,13.29,44.44,16.52,6.14,0.4,9.99,22.15,44.44,44.44,Good,True,22,6
2020-06-21 23:00:00,11.48,36.48,16.95,5.91,0.43,9.93,19.133333333333336,36.48,36.48,Good,True,23,6
2020-06-22 00:00:00,11.02,43.87,13.53,6.33,0.44,10.6,18.366666666666667,43.87,43.87,Good,True,0,0
2020-06-22 01:00:00,12.01,36.03,10.61,7.51,0.43,11.26,20.016666666666666,36.03,36.03,Good,True,1,0
2020-06-22 02:00:00,10.79,35.95,7.83,8.55,0.38,11.43,17.983333333333334,35.95,35.95,Good,True,2,0
2020-06-22 03:00:00,9.36,34.14,7.54,8.1,0.38,11.38,15.6,34.14,34.14,Good,True,3,0
2020-06-22 04:00:00,8.37,36.94,8.46,8.41,0.38,11.96,13.95,36.94,36.94,Good,True,4,0
2020-06-22 05:00:00,14.22,40.54,6.85,9.33,0.35,11.55,23.700000000000003,40.54,40.54,Good,True,5,0
2020-06-22 06:00:00,8.29,32.18,10.14,7.22,0.37,11.05,13.816666666666666,32.18,32.18,Good,True,6,0
2020-06-22 07:00:00,9.49,39.46,10.56,7.27,0.41,10.7,15.816666666666668,39.46,39.46,Good,True,7,0
2020-06-22 08:00:00,14.68,50.78,10.4,7.26,0.45,11.1,24.46666666666667,,24.46666666666667,Good,True,8,0
2020-06-22 09:00:00,12.84,50.75,8.85,6.76,0.47,11.61,21.400000000000002,,21.400000000000002,Good,True,9,0
2020-06-22 10:00:00,14.62,52.03,8.36,7.6,0.44,12.24,24.366666666666667,52.03,52.03,Satisfactory,True,10,0
2020-06-22 11:00:00,13.85,58.44,8.66,8.64,0.4,12.01,23.083333333333332,58.44,58.44,Satisfactory,True,11,0
2020-06-22 12:00:00,11.36,45.81,9.59,9.1,0.4,11.45,18.933333333333334,45.81,45.81,Good,True,12,0
2020-06-22 13:00:00,12.52,44.73,10.08,10.77,0.35,10.31,20.866666666666667,44.73,44.73,Good,True,13,0
2020-06-22 14:00:00,12.13,54.04,11.88,10.97,0.37,5.31,20.21666666666667,54.04,54.04,Satisfactory,True,14,0
2020-06-22 15:00:00,11.82,55.45,11.74,9.76,0.38,5.19,19.700000000000003,55.45,55.45,Satisfactory,True,15,0
2020-06-22 16:00:00,14.88,54.5,11.71,10.58,0.37,4.3,24.8,54.5,54.5,Satisfactory,True,16,0
2020-06-22 17:00:00,13.7,56.83,12.02,10.26,0.36,5.56,22.833333333333332,56.83,56.83,Satisfactory,True,17,0
2020-06-22 18:00:00,15.64,64.54,12.76,9.5,0.33,4.97,26.06666666666667,64.54,64.54,Satisfactory,True,18,0
2020-06-22 19:00:00,12.85,58.72,13.22,8.13,0.35,4.79,21.416666666666668,58.72,58.72,Satisfactory,True,19,0
2020-06-22 20:00:00,13.94,48.75,13.66,7.48,0.37,5.71,23.233333333333334,48.75,48.75,Good,True,20,0
2020-06-22 21:00:00,18.29,48.04,12.28,7.83,0.4,5.9,30.483333333333334,48.04,48.04,Good,True,21,0
2020-06-22 22:00:00,13.81,48.74,11.71,8.06,0.39,5.48,23.01666666666667,48.74,48.74,Good,True,22,0
2020-06-22 23:00:00,12.1,42.28,10.91,8.28,0.39,5.75,20.166666666666668,42.28,42.28,Good,True,23,0
2020-06-23 00:00:00,12.11,37.84,10.43,9.21,0.38,4.79,20.183333333333334,37.84,37.84,Good,True,0,1
2020-06-23 01:00:00,9.06,31.01,9.66,8.55,0.38,5.73,15.100000000000001,31.01,31.01,Good,True,1,1
2020-06-23 02:00:00,9.31,33.94,11.54,8.08,0.37,4.83,15.516666666666667,33.94,33.94,Good,True,2,1
2020-06-23 03:00:00,10.84,27.41,12.07,7.78,0.35,5.33,18.066666666666666,27.41,27.41,Good,True,3,1
2020-06-23 04:00:00,9.58,24.75,13.11,7.4,0.35,5.22,15.966666666666667,24.75,24.75,Good,True,4,1
2020-06-23 05:00:00,8.83,25.61,15.6,6.13,0.38,5.55,14.716666666666667,25.61,25.61,Good,True,5,1
2020-06-23 06:00:00,11.28,36.48,14.9,5.66,0.48,4.81,18.8,36.48,36.48,Good,True,6,1
2020-06-23 07:00:00,11.83,45.71,13.48,5.98,0.46,5.74,19.71666666666667,45.71,45.71,Good,True,7,1
2020-06-23 08:00:00,11.01,42.76,11.57,8.91,0.42,5.74,18.35,42.76,42.76,Good,True,8,1
2020-06-23 09:00:00,11.4,33.8,11.76,9.43,0.38,5.17,19.0,33.8,33.8,Good,True,9,1
2020-06-23 10:00:00,12.05,35.66,12.95,8.01,0.4,4.69,20.083333333333336,35.66,35.66,Good,True,10,1
2020-06-23 11:00:00,11.91,35.23,13.25,9.02,0.39,5.52,19.85,35.23,35.23,Good,True,11,1
2020-06-23 12:00:00,12.84,38.27,12.31,30.55,0.36,4.93,21.400000000000002,38.27,38.27,Good,True,12,1
2020-06-23 13:00:00,12.28,38.93,11.95,16.17,0.36,5.25,20.466666666666665,38.93,38.93,Good,True,13,1
2020-06-23 14:00:00,11.98,38.67,11.99,10.43,0.35,5.01,19.96666666666667,38.67,38.67,Good,True,14,1
2020-06-23 15:00:00,8.99,40.29,12.21,10.17,0.34,5.19,14.983333333333334,40.29,40.29,Good,True,15,1
2020-06-23 16:00:00,7.89,31.8,12.15,10.19,0.35,4.31,13.15,31.8,31.8,Good,True,16,1
2020-06-23 17:00:00,6.67,26.61,14.1,10.15,0.35,4.14,11.116666666666667,26.61,26.61,Good,True,17,1
2020-06-23 18:00:00,4.63,25.24,12.34,10.4,0.37,5.21,7.716666666666667,25.24,25.24,Good,True,18,1
2020-06-23 19:00:00,5.78,27.02,24.68,10.32,0.36,5.27,9.633333333333335,27.02,27.02,Good,True,19,1
2020-06-23 20:00:00,6.28,21.85,42.0,9.01,0.37,4.88,10.466666666666667,21.85,21.85,Good,True,20,1
2020-06-23 21:00:00,6.47,28.8,28.53,8.85,0.38,4.34,10.783333333333333,28.8,28.8,Good,True,21,1
2020-06-23 22:00:00,7.34,29.12,12.08,8.71,0.38,4.61,12.233333333333334,29.12,29.12,Good,True,22,1
2020-06-23 23:00:00,9.2,32.8,11.3,9.5,0.37,3.87,15.333333333333332,32.8,32.8,Good,True,23,1
2020-06-24 00:00:00,7.93,34.32,11.01,9.01,0.38,4.06,13.216666666666667,34.32,34.32,Good,True,0,2
2020-06-24 01:00:00,7.55,30.5,10.54,8.14,0.38,4.67,12.583333333333334,30.5,30.5,Good,True,1,2
2020-06-24 02:00:00,8.22,26.17,11.1,7.3,0.37,4.84,13.700000000000001,26.17,26.17,Good,True,2,2
2020-06-24 03:00:00,7.67,25.79,10.86,6.95,0.38,4.24,12.783333333333333,25.79,25.79,Good,True,3,2
2020-06-24 04:00:00,10.17,28.2,12.34,6.95,0.43,4.84,16.95,28.2,28.2,Good,True,4,2
2020-06-24 05:00:00,10.66,34.5,12.34,7.02,0.44,5.08,17.76666666666667,34.5,34.5,Good,True,5,2
2020-06-24 06:00:00,9.57,33.38,11.98,6.98,0.4,4.79,15.950000000000001,33.38,33.38,Good,True,6,2
2020-06-24 07:00:00,7.8,29.24,12.27,6.99,0.43,4.83,13.0,29.24,29.24,Good,True,7,2
2020-06-24 08:00:00,8.24,35.14,11.38,7.69,0.47,4.41,13.733333333333334,35.14,35.14,Good,True,8,2
2020-06-24 09:00:00,9.01,34.57,10.03,9.02,0.45,5.87,15.016666666666667,34.57,34.57,Good,True,9,2
2020-06-24 10:00:00,8.63,25.61,14.28,10.04,0.43,4.46,14.383333333333335,25.61,25.61,Good,True,10,2
2020-06-24 11:00:00,9.41,26.58,11.78,11.13,0.4,4.77,15.683333333333334,26.58,26.58,Good,True,11,2
2020-06-24 12:00:00,10.61,26.19,12.94,12.29,0.41,5.07,17.683333333333334,26.19,26.19,Good,True,12,2
2020-06-24 13:00:00,12.59,33.76,13.62,11.67,0.38,5.01,20.983333333333334,33.76,33.76,Good,True,13,2
2020-06-24 14:00:00,10.16,34.24,12.72,11.75,0.38,3.98,16.933333333333334,34.24,34.24,Good,True,14,2
2020-06-24 15:00:00,10.27,31.35,11.98,11.02,0.35,4.63,17.116666666666667,31.35,31.35,Good,True,15,2
2020-06-24 16:00:00,11.47,34.84,12.42,10.96,0.38,6.03,19.116666666666667,34.84,34.84,Good,True,16,2
2020-06-24 17:00:00,11.02,32.74,11.89,11.66,0.39,5.33,18.366666666666667,32.74,32.74,Good,True,17,2
2020-06-24 18:00:00,6.9,31.52,10.9,11.82,0.38,4.54,11.500000000000002,31.52,31.52,Good,True,18,2
2020-06-24 19:00:00,5.44,27.64,10.29,11.27,0.39,4.38,9.066666666666668,27.64,27.64,Good,True,19,2
2020-06-24 20:00:00,6.45,32.98,10.35,9.05,0.39,4.69,10.75,32.98,32.98,Good,True,20,2
2020-06-24 21:00:00,5.38,24.17,10.09,8.8,0.4,4.75,8.966666666666667,24.17,24.17,Good,True,21,2
2020-06-24 22:00:00,6.23,24.96,9.44,8.34,0.39,4.78,10.383333333333335,24.96,24.96,Good,True,22,2
2020-06-24 23:00:00,8.2,26.85,15.77,8.34,0.37,4.49,13.666666666666666,26.85,26.85,Good,True,23,2
2020-06-25 00:00:00,7.82,24.7,9.27,7.76,0.38,4.62,13.033333333333335,24.7,24.7,Good,True,0,3
2020-06-25 01:00:00,7.88,24.43,9.03,7.26,0.37,4.65,13.133333333333333,24.43,24.43,Good,True,1,3
2020-06-25 02:00:00,8.56,27.57,7.91,6.39,0.37,4.6,14.266666666666667,27.57,27.57,Good,True,2,3
2020-06-25 03:00:00,9.12,29.89,11.83,5.45,0.37,4.99,15.2,29.89,29.89,Good,True,3,3
2020-06-25 04:00:00,7.42,26.24,12.31,5.22,0.39,4.96,12.366666666666667,26.24,26.24,Good,True,4,3
2020-06-25 05:00:00,7.38,30.75,12.53,5.22,0.42,4.54,12.3,30.75,30.75,Good,True,5,3
2020-06-25 06:00:00,11.21,35.08,11.52,5.36,0.44,4.41,18.683333333333337,35.08,35.08,Good,True,6,3
2020-06-25 07:00:00,12.45,40.9,12.85,5.26,0.45,4.47,20.75,40.9,40.9,Good,True,7,3
2020-06-25 08:00:00,12.06,47.68,11.53,5.68,0.46,4.48,20.1,47.68,47.68,Good,True,8,3
2020-06-25 09:00:00,16.36,41.91,10.54,6.51,0.47,4.51,27.266666666666666,41.91,41.91,Good,True,9,3
2020-06-25 10:00:00,13.09,38.79,9.59,7.01,0.48,4.54,21.816666666666666,38.79,38.79,Good,True,10,3
2020-06-25 11:00:00,14.35,37.96,10.58,6.11,0.48,4.92,23.916666666666668,37.96,37.96,Good,True,11,3
2020-06-25 12:00:00,13.4,41.72,9.73,6.83,0.45,5.56,22.333333333333336,41.72,41.72,Good,True,12,3
2020-06-25 13:00:00,12.46,67.18,11.1,8.4,0.42,4.13,20.76666666666667,67.18,67.18,Satisfactory,True,13,3
2020-06-25 14:00:00,14.16,55.76,10.55,10.2,0.38,4.99,23.6,55.76,55.76,Satisfactory,True,14,3
2020-06-25 15:00:00,13.07,53.84,8.95,8.88,0.36,4.96,21.783333333333335,53.84,53.84,Satisfactory,True,15,3
2020-06-25 16:00:00,11.09,45.41,8.53,21.23,0.37,6.12,18.483333333333334,45.41,45.41,Good,True,16,3
2020-06-25 17:00:00,13.18,60.05,8.15,11.7,0.37,6.41,21.96666666666667,60.05,60.05,Satisfactory,True,17,3
2020-06-25 18:00:00,14.12,53.16,8.05,8.91,0.38,4.55,23.53333333333333,53.16,53.16,Satisfactory,True,18,3
2020-06-25 19:00:00,12.06,51.6,9.82,8.85,0.4,8.45,20.1,51.6,51.6,Satisfactory,True,19,3
2020-06-25 20:00:00,13.17,52.57,8.82,8.27,0.39,9.6,21.95,52.57,52.57,Satisfactory,True,20,3
2020-06-25 21:00:00,13.89,51.87,8.42,7.95,0.38,4.58,23.150000000000002,51.87,51.87,Satisfactory,True,21,3
2020-06-25 22:00:00,13.58,48.88,7.42,7.37,0.37,4.79,22.633333333333333,48.88,48.88,Good,True,22,3
2020-06-25 23:00:00,12.22,62.94,6.5,7.32,0.37,4.68,20.366666666666667,62.94,62.94,Satisfactory,True,23,3
2020-06-26 00:00:00,11.58,43.01,6.39,6.36,0.35,4.55,19.3,43.01,43.01,Good,True,0,4
2020-06-26 01:00:00,13.35,42.0,5.78,6.12,0.36,4.77,22.25,42.0,42.0,Good,True,1,4
2020-06-26 02:00:00,10.78,41.81,7.86,5.14,0.37,5.35,17.966666666666665,41.81,41.81,Good,True,2,4
2020-06-26 03:00:00,10.89,30.3,7.45,4.67,0.37,4.72,18.150000000000002,30.3,30.3,Good,True,3,4
2020-06-26 04:00:00,9.11,31.71,7.74,5.08,0.36,4.92,15.183333333333334,31.71,31.71,Good,True,4,4
2020-06-26 05:00:00,10.13,45.36,8.7,4.96,0.34,4.74,16.883333333333336,45.36,45.36,Good,True,5,4
2020-06-26 06:00:00,10.28,30.51,8.32,5.02,0.35,4.89,17.133333333333333,30.51,30.51,Good,True,6,4
2020-06-26 07:00:00,7.2,24.48,8.53,4.81,0.4,4.79,12.0,24.48,24.48,Good,True,7,4
2020-06-26 08:00:00,8.44,35.76,9.17,4.8,0.45,5.45,14.066666666666666,35.76,35.76,Good,True,8,4
2020-06-26 09:00:00,14.16,54.56,9.92,4.71,0.51,5.02,23.6,54.56,54.56,Satisfactory,True,9,4
2020-06-26 10:00:00,16.93,46.55,9.27,4.96,0.52,5.56,28.21666666666667,46.55,46.55,Good,True,10,4
2020-06-26 11:00:00,16.33,47.49,10.31,5.79,0.53,5.16,27.216666666666665,47.49,47.49,Good,True,11,4
2020-06-26 12:00:00,18.7,55.12,7.88,6.34,0.47,18.41,31.166666666666668,55.12,55.12,Satisfactory,True,12,4
2020-06-26 13:00:00,16.44,59.99,9.08,6.31,0.48,5.09,27.400000000000002,59.99,59.99,Satisfactory,True,13,4
2020-06-26 14:00:00,13.51,39.64,9.58,6.65,0.46,5.2,22.516666666666666,39.64,39.64,Good,True,14,4
2020-06-26 15:00:00,13.79,37.96,7.81,7.34,0.41,9.88,22.983333333333334,37.96,37.96,Good,True,15,4
2020-06-26 16:00:00,11.99,36.74,7.84,8.08,0.4,11.26,19.983333333333334,36.74,36.74,Good,True,16,4
2020-06-26 17:00:00,11.8,42.36,9.28,9.06,0.39,11.53,19.666666666666668,42.36,42.36,Good,True,17,4
2020-06-26 18:00:00,11.57,55.91,8.71,7.93,0.4,11.22,19.283333333333335,55.91,55.91,Satisfactory,True,18,4
2020-06-26 19:00:00,20.5,84.71,8.99,7.39,0.41,10.01,34.16666666666667,84.71,84.71,Satisfactory,True,19,4
2020-06-26 20:00:00,21.37,81.57,9.61,6.1,0.41,11.41,35.61666666666667,81.57,81.57,Satisfactory,True,20,4
2020-06-26 21:00:00,16.25,57.84,9.77,6.1,0.44,9.95,27.083333333333336,57.84,57.84,Satisfactory,True,21,4
2020-06-26 22:00:00,19.73,52.01,9.03,5.73,0.44,10.17,32.88333333333333,52.01,52.01,Satisfactory,True,22,4
2020-06-26 23:00:00,16.87,53.01,9.31,5.05,0.47,9.81,28.11666666666667,53.01,53.01,Satisfactory,True,23,4
2020-06-27 00:00:00,18.75,55.53,7.33,4.79,0.49,10.09,31.25,55.53,55.53,Satisfactory,True,0,5
2020-06-27 01:00:00,19.49,59.12,6.91,5.21,0.48,10.18,32.483333333333334,59.12,59.12,Satisfactory,True,1,5
2020-06-27 02:00:00,19.96,64.83,7.68,5.21,0.46,10.06,33.26666666666667,64.83,64.83,Satisfactory,True,2,5
2020-06-27 03:00:00,18.37,52.66,8.72,4.59,0.45,10.25,30.61666666666667,52.66,52.66,Satisfactory,True,3,5
2020-06-27 04:00:00,12.74,40.46,8.76,4.56,0.45,10.37,21.233333333333334,40.46,40.46,Good,True,4,5
2020-06-27 05:00:00,12.74,46.64,9.93,4.49,0.45,11.63,21.233333333333334,46.64,46.64,Good,True,5,5
2020-06-27 06:00:00,16.56,42.53,9.51,4.68,0.44,11.81,27.599999999999998,42.53,42.53,Good,True,6,5
2020-06-27 07:00:00,17.11,47.5,10.26,4.58,0.45,10.05,28.516666666666666,47.5,47.5,Good,True,7,5
2020-06-27 08:00:00,19.62,51.83,8.36,4.71,0.49,10.09,32.7,51.83,51.83,Satisfactory,True,8,5
2020-06-27 09:00:00,18.99,43.16,10.02,4.48,0.51,10.04,31.65,43.16,43.16,Good,True,9,5
2020-06-27 10:00:00,19.13,46.9,7.06,5.39,0.48,10.21,31.883333333333333,46.9,46.9,Good,True,10,5
2020-06-27 11:00:00,18.09,47.21,7.19,5.2,0.47,10.4,30.150000000000002,47.21,47.21,Good,True,11,5
2020-06-27 12:00:00,17.82,64.4,8.93,6.73,0.44,10.7,29.700000000000003,64.4,64.4,Satisfactory,True,12,5
2020-06-27 13:00:00,18.93,64.0,11.11,6.87,0.41,9.71,31.55,64.0,64.0,Satisfactory,True,13,5
2020-06-27 14:00:00,18.5,68.75,10.6,6.49,0.4,10.14,30.833333333333336,68.75,68.75,Satisfactory,True,14,5
2020-06-27 15:00:00,16.25,72.34,8.17,7.75,0.37,11.2,27.083333333333336,72.34,72.34,Satisfactory,True,15,5
2020-06-27 16:00:00,20.38,85.74,8.9,8.57,0.36,9.74,33.96666666666667,85.74,85.74,Satisfactory,True,16,5
2020-06-27 17:00:00,19.42,96.93,9.4,7.93,0.35,9.85,32.366666666666674,96.93,96.93,Satisfactory,True,17,5
2020-06-27 18:00:00,18.87,97.62,8.56,6.22,0.36,11.41,31.450000000000003,97.62,97.62,Satisfactory,True,18,5
2020-06-27 19:00:00,17.87,79.47,8.15,5.22,0.39,9.88,29.783333333333335,79.47,79.47,Satisfactory,True,19,5
2020-06-27 20:00:00,21.32,87.83,7.99,5.44,0.39,9.94,35.53333333333334,87.83,87.83,Satisfactory,True,20,5
2020-06-27 21:00:00,17.78,78.77,7.78,5.86,0.39,9.87,29.633333333333336,78.77,78.77,Satisfactory,True,21,5
2020-06-27 22:00:00,15.74,66.69,7.47,5.81,0.42,10.99,26.233333333333334,66.69,66.69,Satisfactory,True,22,5
2020-06-27 23:00:00,18.57,68.3,7.04,5.62,0.41,9.91,30.950000000000003,68.3,68.3,Satisfactory,True,23,5
2020-06-28 00:00:00,16.7,68.6,6.22,6.09,0.38,9.8,27.833333333333332,68.6,68.6,Satisfactory,True,0,6
2020-06-28 01:00:00,15.31,58.61,6.64,5.35,0.37,9.98,25.51666666666667,58.61,58.61,Satisfactory,True,1,6
2020-06-28 02:00:00,14.42,53.49,7.6,5.47,0.38,10.11,24.033333333333335,53.49,53.49,Satisfactory,True,2,6
2020-06-28 03:00:00,14.36,44.03,7.04,5.17,0.38,10.04,23.933333333333334,44.03,44.03,Good,True,3,6
2020-06-28 04:00:00,10.44,29.11,10.34,4.87,0.39,10.09,17.4,29.11,29.11,Good,True,4,6
2020-06-28 05:00:00,10.03,25.36,9.09,5.09,0.38,11.67,16.716666666666665,25.36,25.36,Good,True,5,6
2020-06-28 06:00:00,9.61,26.36,8.86,4.99,0.36,9.4,16.016666666666666,26.36,26.36,Good,True,6,6
2020-06-28 07:00:00,10.4,24.63,9.66,4.87,0.37,11.52,17.333333333333336,24.63,24.63,Good,True,7,6
2020-06-28 08:00:00,13.54,34.3,8.67,4.76,0.39,9.92,22.566666666666666,34.3,34.3,Good,True,8,6
2020-06-28 09:00:00,12.03,35.11,7.55,4.83,0.39,9.86,20.05,35.11,35.11,Good,True,9,6
2020-06-28 10:00:00,10.1,29.46,8.35,4.81,0.43,11.63,16.833333333333332,29.46,29.46,Good,True,10,6
2020-06-28 11:00:00,12.33,34.22,9.02,5.42,0.42,11.67,20.55,34.22,34.22,Good,True,11,6
2020-06-28 12:00:00,15.24,49.46,8.93,6.0,0.42,12.0,25.400000000000002,49.46,49.46,Good,True,12,6
2020-06-28 13:00:00,16.94,70.24,9.05,6.48,0.41,10.4,28.233333333333338,70.24,70.24,Satisfactory,True,13,6
2020-06-28 14:00:00,18.43,60.26,9.19,5.88,0.37,9.61,30.71666666666667,60.26,60.26,Satisfactory,True,14,6
2020-06-28 15:00:00,13.09,51.33,7.7,6.33,0.36,9.84,21.816666666666666,51.33,51.33,Satisfactory,True,15,6
2020-06-28 16:00:00,13.0,57.36,7.94,7.1,0.35,9.73,21.666666666666668,57.36,57.36,Satisfactory,True,16,6
2020-06-28 17:00:00,13.07,56.89,7.64,7.7,0.35,11.26,21.783333333333335,56.89,56.89,Satisfactory,True,17,6
2020-06-28 18:00:00,10.69,65.01,7.5,7.68,0.35,11.53,17.816666666666666,65.01,65.01,Satisfactory,True,18,6
2020-06-28 19:00:00,9.7,47.34,7.32,6.94,0.35,9.79,16.166666666666668,47.34,47.34,Good,True,19,6
2020-06-28 20:00:00,8.51,40.75,7.41,6.07,0.36,11.61,14.183333333333334,40.75,40.75,Good,True,20,6
2020-06-28 21:00:00,9.48,41.0,7.4,5.74,0.38,10.26,15.8,41.0,41.0,Good,True,21,6
2020-06-28 22:00:00,8.61,38.77,7.32,5.44,0.36,11.16,14.35,38.77,38.77,Good,True,22,6
2020-06-28 23:00:00,9.83,34.4,6.98,5.19,0.36,10.97,16.383333333333333,34.4,34.4,Good,True,23,6
2020-06-29 00:00:00,9.57,28.97,6.65,5.76,0.36,10.96,15.950000000000001,28.97,28.97,Good,True,0,0
2020-06-29 01:00:00,10.56,28.89,5.93,5.86,0.35,9.81,17.6,28.89,28.89,Good,True,1,0
2020-06-29 02:00:00,10.26,61.48,5.52,5.03,0.36,11.37,17.1,61.48,61.48,Satisfactory,True,2,0
2020-06-29 03:00:00,8.65,34.16,6.36,4.54,0.37,11.36,14.416666666666668,34.16,34.16,Good,True,3,0
2020-06-29 04:00:00,12.03,25.95,6.18,4.83,0.36,11.6,20.05,25.95,25.95,Good,True,4,0
2020-06-29 05:00:00,8.05,20.34,8.18,5.04,0.36,10.36,13.416666666666668,20.34,20.34,Good,True,5,0
2020-06-29 06:00:00,6.04,17.67,9.05,4.8,0.37,11.4,10.066666666666666,17.67,17.67,Good,True,6,0
2020-06-29 07:00:00,6.52,16.11,8.68,5.0,0.37,11.5,10.866666666666667,16.11,16.11,Good,True,7,0
2020-06-29 08:00:00,6.76,29.23,7.81,4.52,0.39,12.3,11.266666666666667,29.23,29.23,Good,True,8,0
2020-06-29 09:00:00,4.42,18.68,6.68,4.65,0.37,10.51,7.366666666666667,18.68,18.68,Good,True,9,0
2020-06-29 10:00:00,6.47,19.98,6.65,5.27,0.38,11.33,10.783333333333333,19.98,19.98,Good,True,10,0
2020-06-29 11:00:00,6.21,20.27,7.26,4.71,0.41,12.57,10.35,20.27,20.27,Good,True,11,0
2020-06-29 12:00:00,8.71,29.36,7.08,6.01,0.37,10.39,14.51666666666667,29.36,29.36,Good,True,12,0
2020-06-29 13:00:00,5.2,20.42,7.63,7.42,0.38,11.89,8.666666666666668,20.42,20.42,Good,True,13,0
2020-06-29 14:00:00,8.32,29.02,8.44,8.23,0.36,11.36,13.866666666666667,29.02,29.02,Good,True,14,0
2020-06-29 15:00:00,5.49,33.44,8.64,7.18,0.34,11.38,9.15,33.44,33.44,Good,True,15,0
2020-06-29 16:00:00,7.29,34.57,8.47,8.27,0.33,9.69,12.15,34.57,34.57,Good,True,16,0
2020-06-29 17:00:00,5.09,26.45,8.7,7.56,0.33,11.34,8.483333333333334,26.45,26.45,Good,True,17,0
2020-06-29 18:00:00,5.53,30.51,9.17,7.33,0.34,9.63,9.216666666666667,30.51,30.51,Good,True,18,0
2020-06-29 19:00:00,5.54,26.3,9.16,7.26,0.36,10.22,9.233333333333334,26.3,26.3,Good,True,19,0
2020-06-29 20:00:00,4.69,19.82,9.41,5.77,0.41,10.42,7.816666666666667,19.82,19.82,Good,True,20,0
2020-06-29 21:00:00,19.08,41.73,9.76,5.39,0.44,12.05,31.799999999999997,41.73,41.73,Good,True,21,0
2020-06-29 22:00:00,11.28,25.22,9.58,5.39,0.45,10.36,18.8,25.22,25.22,Good,True,22,0
2020-06-29 23:00:00,7.3,21.62,9.66,4.39,0.44,12.73,12.166666666666666,21.62,21.62,Good,True,23,0
2020-06-30 00:00:00,4.53,13.66,8.09,7.26,0.38,13.28,7.550000000000001,13.66,13.66,Good,True,0,1
2020-06-30 01:00:00,3.96,10.61,7.04,5.09,0.38,14.97,6.6000000000000005,10.61,10.61,Good,True,1,1
2020-06-30 02:00:00,3.43,6.38,6.38,7.21,0.33,11.31,5.716666666666667,6.38,6.38,Good,True,2,1
2020-06-30 03:00:00,2.33,6.68,5.97,8.0,0.33,11.51,3.8833333333333337,6.68,6.68,Good,True,3,1
2020-06-30 04:00:00,5.02,4.39,5.86,7.06,0.33,13.26,8.366666666666667,4.39,8.366666666666667,Good,True,4,1
2020-06-30 05:00:00,4.29,4.32,5.5,7.59,0.32,24.15,7.15,4.32,7.15,Good,True,5,1
2020-06-30 06:00:00,2.32,7.39,6.68,5.58,0.35,13.47,3.8666666666666667,7.39,7.39,Good,True,6,1
2020-06-30 07:00:00,4.77,13.04,8.51,5.22,0.35,11.28,7.949999999999999,13.04,13.04,Good,True,7,1
2020-06-30 08:00:00,4.15,18.78,9.04,5.57,0.36,13.45,6.916666666666668,18.78,18.78,Good,True,8,1
2020-06-30 09:00:00,2.94,24.64,8.61,5.36,0.37,13.52,4.9,24.64,24.64,Good,True,9,1
2020-06-30 10:00:00,4.67,15.52,9.96,5.51,0.37,13.46,7.783333333333333,15.52,15.52,Good,True,10,1
2020-06-30 11:00:00,4.63,15.14,9.46,6.73,0.39,13.74,7.716666666666667,15.14,15.14,Good,True,11,1
2020-06-30 12:00:00,5.01,16.39,11.46,7.73,0.42,12.32,8.35,16.39,16.39,Good,True,12,1
2020-06-30 13:00:00,6.91,23.25,11.5,7.84,0.39,13.65,11.516666666666667,23.25,23.25,Good,True,13,1
2020-06-30 14:00:00,5.64,19.61,10.09,6.96,0.37,13.18,9.4,19.61,19.61,Good,True,14,1
2020-06-30 15:00:00,3.83,12.4,8.25,7.36,0.34,11.06,6.383333333333334,12.4,12.4,Good,True,15,1
2020-06-30 16:00:00,5.54,16.48,7.51,8.21,0.32,11.23,9.233333333333334,16.48,16.48,Good,True,16,1
2020-06-30 17:00:00,5.22,16.42,7.6,8.96,0.31,13.23,8.7,16.42,16.42,Good,True,17,1
2020-06-30 18:00:00,3.31,15.67,7.54,8.7,0.32,13.76,5.516666666666667,15.67,15.67,Good,True,18,1
2020-06-30 19:00:00,4.14,18.96,8.03,7.74,0.34,13.82,6.8999999999999995,18.96,18.96,Good,True,19,1
2020-06-30 20:00:00,7.7,10.9,7.46,8.22,0.36,13.71,12.833333333333334,10.9,12.833333333333334,Good,True,20,1
2020-06-30 21:00:00,5.99,10.16,7.71,6.6,0.38,13.71,9.983333333333334,10.16,10.16,Good,True,21,1
2020-06-30 22:00:00,6.53,18.54,7.75,6.06,0.41,13.48,10.883333333333335,18.54,18.54,Good,True,22,1
2020-06-30 23:00:00,4.88,13.43,6.49,6.05,0.38,11.15,8.133333333333333,13.43,13.43,Good,True,23,1
2020-07-01 00:00:00,3.84,11.28,5.57,6.68,0.37,13.18,6.4,11.28,11.28,Good,True,0,2
